player_id,player_url,fifa_version,fifa_update,fifa_update_date,short_name,long_name,player_positions,overall,potential,value_eur,wage_eur,age,dob,height_cm,weight_kg,league_id,league_name,league_level,club_team_id,club_name,club_position,club_jersey_number,club_loaned_from,club_joined_date,club_contract_valid_until_year,nationality_id,nationality_name,nation_team_id,nation_position,nation_jersey_number,preferred_foot,weak_foot,skill_moves,international_reputation,work_rate,body_type,real_face,release_clause_eur,player_tags,player_traits,pace,shooting,passing,dribbling,defending,physic,attacking_crossing,attacking_finishing,attacking_heading_accuracy,attacking_short_passing,attacking_volleys,skill_dribbling,skill_curve,skill_fk_accuracy,skill_long_passing,skill_ball_control,movement_acceleration,movement_sprint_speed,movement_agility,movement_reactions,movement_balance,power_shot_power,power_jumping,power_stamina,power_strength,power_long_shots,mentality_aggression,mentality_interceptions,mentality_positioning,mentality_vision,mentality_penalties,mentality_composure,defending_marking_awareness,defending_standing_tackle,defending_sliding_tackle,goalkeeping_diving,goalkeeping_handling,goalkeeping_kicking,goalkeeping_positioning,goalkeeping_reflexes,goalkeeping_speed,ls,st,rs,lw,lf,cf,rf,rw,lam,cam,ram,lm,lcm,cm,rcm,rm,lwb,ldm,cdm,rdm,rwb,lb,lcb,cb,rcb,rb,gk,player_face_url
209331,/player/209331/mohamed-salah/260004/,26,4,9/19/2025,M. Salah,Mohamed Salah Hamed Ghalyمحمد صلاح,"RM, RW",91,91,82000000,370000,33,6/15/1992,175,72,13,Premier League,1,9,Liverpool,RM,11,,7/1/2017,2027,111,Egypt,,,,Left,3,4,5,,Unique,Yes,151700000,"#Dribbler, #Crosser, #Acrobat","Finesse Shot +, Low Driven Shot, Gamechanger, Whipped Pass, Inventive, Technical, First Touch",89,88,86,90,45,76,86,94,59,88,83,90,88,69,81,90,88,89,86,94,91,83,79,88,75,78,63,55,93,89,88,93,38,43,41,14,14,9,11,14,,86+3,86+3,86+3,90+0,89+0,89+0,89+0,90+0,89+2,89+2,89+2,89+2,84+3,84+3,84+3,89+2,72+3,69+3,69+3,69+3,72+3,68+3,59+3,59+3,59+3,68+3,22+3,https://cdn.sofifa.net/players/209/331/26_120.png
231747,/player/231747/kylian-mbappe/260004/,26,4,9/19/2025,K. Mbappé,Kylian Mbappé Lottin,"ST, LW, LM",91,94,173500000,610000,26,12/20/1998,182,75,53,La Liga,1,243,Real Madrid,ST,10,,7/1/2024,2029,18,France,1335,ST,10,Right,4,5,5,,Unique,Yes,368700000,"#Speedster, #Dribbler, #Distance shooter, #Acrobat, #Clinical finisher, #Complete forward","Quick Step +, Finesse Shot, Acrobatic, Low Driven Shot, Gamechanger, Rapid, First Touch",97,90,81,92,37,76,78,92,78,87,87,92,80,69,74,93,97,97,93,91,82,91,90,83,77,86,61,38,91,83,82,88,26,34,32,13,5,7,11,6,,90+3,90+3,90+3,90+0,91+0,91+0,91+0,90+0,89+3,89+3,89+3,89+3,81+3,81+3,81+3,89+3,67+3,63+3,63+3,63+3,67+3,63+3,55+3,55+3,55+3,63+3,18+3,https://cdn.sofifa.net/players/231/747/26_120.png
252371,/player/252371/jude-bellingham/260004/,26,4,9/19/2025,J. Bellingham,Jude Victor William Bellingham,"CAM, CM",90,94,174500000,320000,22,6/29/2003,186,75,53,La Liga,1,243,Real Madrid,CAM,5,,7/1/2023,2029,14,England,1318,CAM,10,Right,4,4,5,,Normal (170-185),Yes,370800000,"#Dribbler, #Playmaker , #Clinical finisher, #Complete midfielder, #Complete forward","Relentless +, Low Driven Shot, Gamechanger, Inventive, Slide Tackle, Technical, First Touch",80,86,83,90,78,85,66,88,75,90,77,91,73,68,89,91,81,80,83,91,83,86,85,94,80,87,85,82,91,90,74,90,77,79,77,14,11,10,5,8,,86+3,86+3,86+3,87+0,89+0,89+0,89+0,87+0,89+3,89+3,89+3,87+3,89+3,89+3,89+3,87+3,83+3,85+3,85+3,85+3,83+3,82+3,81+3,81+3,81+3,82+3,18+3,https://cdn.sofifa.net/players/252/371/26_120.png
231866,/player/231866/rodrigo-hernandez-cascante/260004/,26,4,9/19/2025,Rodri,Rodrigo Hernández Cascante,"CDM, CM",90,90,102000000,270000,29,6/22/1996,190,82,13,Premier League,1,10,Manchester City,CDM,16,,7/4/2019,2027,45,Spain,1362,SUB,16,Right,4,3,5,,Normal (185+),Yes,188700000,#Distance shooter,"Tiki Taka +, Power Shot, Long Ball Pass, Aerial Fortress, Press Proven, Bruiser",65,80,86,84,86,85,76,74,81,93,71,84,86,64,91,90,65,65,66,93,67,92,83,91,83,89,85,84,76,84,62,93,88,87,82,10,10,7,14,8,,82+3,82+3,82+3,81+0,83+0,83+0,83+0,81+0,84+3,84+3,84+3,83+3,88+2,88+2,88+2,83+3,84+3,88+2,88+2,88+2,84+3,84+3,85+3,85+3,85+3,84+3,19+3,https://cdn.sofifa.net/players/231/866/26_120.png
231443,/player/231443/ousmane-dembele/260004/,26,4,9/19/2025,O. Dembélé,Masour Ousmane Dembélé,"ST, RW, CAM",90,90,122500000,220000,28,5/15/1997,178,67,16,Ligue 1,1,73,Paris Saint-Germain,ST,10,,8/12/2023,2028,18,France,1335,RW,7,Left,5,5,5,,Unique,Yes,226600000,"#Speedster, #Dribbler, #Distance shooter, #Acrobat, #Clinical finisher, #Complete forward","Rapid +, Low Driven Shot, Pinged Pass, Inventive, Trickster, Quick Step",91,88,83,93,50,69,80,90,74,89,79,94,85,68,78,94,93,89,94,91,81,91,84,76,69,85,58,45,95,84,80,88,49,49,39,6,6,14,10,13,,89+1,89+1,89+1,90+0,91+-1,91+-1,91+-1,90+0,90+0,90+0,90+0,89+1,83+3,83+3,83+3,89+1,71+3,68+3,68+3,68+3,71+3,67+3,60+3,60+3,60+3,67+3,18+3,https://cdn.sofifa.net/players/231/443/26_120.png
239085,/player/239085/erling-haaland/260004/,26,4,9/19/2025,E. Haaland,Erling Braut Håland,ST,90,92,157000000,260000,24,7/21/2000,195,94,13,Premier League,1,10,Manchester City,ST,9,,7/1/2022,2034,36,Norway,1352,ST,9,Left,3,3,5,,Unique,Yes,302200000,"#Aerial threat, #Distance shooter, #Strength, #Clinical finisher, #Complete forward","Low Driven Shot +, Chip Shot, Power Shot, Precision Header, Acrobatic, Gamechanger, Enforcer",86,91,70,80,45,88,58,94,83,77,90,79,77,62,66,82,79,92,71,93,69,94,92,76,93,83,88,43,95,74,90,86,38,47,29,7,14,13,11,7,,89+3,89+3,89+3,82+0,86+0,86+0,86+0,82+0,82+3,82+3,82+3,80+3,76+3,76+3,76+3,80+3,63+3,64+3,64+3,64+3,63+3,61+3,62+3,62+3,62+3,61+3,19+3,https://cdn.sofifa.net/players/239/085/26_120.png
203376,/player/203376/virgil-van-dijk/260004/,26,4,9/19/2025,V. van Dijk,Virgil van Dijk,CB,90,90,57000000,230000,33,7/8/1991,193,92,13,Premier League,1,9,Liverpool,LCB,4,,1/1/2018,2027,34,Netherlands,105035,LCB,4,Right,3,2,5,,Unique,Yes,105500000,"#Tackling , #Tactician , #Strength, #Complete defender","Intercept +, Precision Header, Pinged Pass, Jockey, Anticipate, Aerial Fortress, Bruiser",73,60,72,72,90,87,53,52,88,80,45,70,60,70,83,77,66,78,54,90,50,81,89,75,93,64,85,91,47,70,62,90,91,91,87,13,10,13,11,11,,70+3,70+3,70+3,67+0,70+0,70+0,70+0,67+0,71+3,71+3,71+3,70+3,76+3,76+3,76+3,70+3,79+3,85+3,85+3,85+3,79+3,82+3,89+1,89+1,89+1,82+3,20+3,https://cdn.sofifa.net/players/203/376/26_120.png
239053,/player/239053/federico-valverde/260004/,26,4,9/19/2025,F. Valverde,Federico Santiago Valverde Dipetta,"CM, CDM, RB",89,90,120500000,340000,26,7/22/1998,182,74,53,La Liga,1,243,Real Madrid,RDM,8,,7/22/2016,2029,60,Uruguay,,,,Right,4,3,4,,Unique,Yes,256100000,"#Playmaker , #Distance shooter, #Tackling , #Tactician , #Complete midfielder","Relentless +, Power Shot, Long Ball Pass, Intercept, Slide Tackle, Aerial Fortress, Rapid",88,84,84,84,83,85,78,80,63,88,78,84,76,69,88,88,84,92,77,89,68,91,82,93,82,91,81,86,86,86,59,84,82,87,86,6,10,6,15,8,,84+3,84+3,84+3,85+0,86+0,86+0,86+0,85+0,86+3,86+3,86+3,86+3,88+2,88+2,88+2,86+3,86+3,87+3,87+3,87+3,86+3,86+3,83+3,83+3,83+3,86+3,18+3,https://cdn.sofifa.net/players/239/053/26_120.png
212622,/player/212622/joshua-kimmich/260004/,26,4,9/19/2025,J. Kimmich,Joshua Walter Kimmich,"CDM, RB, CM",89,89,86000000,140000,30,2/8/1995,177,75,19,Bundesliga,1,21,FC Bayern München,RDM,6,,7/1/2015,2029,21,Germany,1337,RCM,6,Right,4,3,4,,Normal (170-185),Yes,141900000,"#Playmaker , #Crosser, #Tackling , #Complete midfielder","Long Ball Pass +, Finesse Shot, Whipped Pass, Anticipate, Press Proven, Relentless",72,74,89,84,83,79,92,68,72,89,69,82,85,79,92,86,75,70,83,89,84,78,77,92,69,83,89,85,78,86,71,86,82,86,85,8,15,7,15,15,,77+3,77+3,77+3,82+0,81+0,81+0,81+0,82+0,83+3,83+3,83+3,84+3,87+2,87+2,87+2,84+3,86+3,87+2,87+2,87+2,86+3,85+3,82+3,82+3,82+3,85+3,21+3,https://cdn.sofifa.net/players/212/622/26_120.png
235212,/player/235212/achraf-hakimi/260004/,26,4,9/19/2025,A. Hakimi,Achraf Hakimi Mouhأشرف حكيمي,"RB, RM",89,90,111000000,170000,26,11/4/1998,181,73,16,Ligue 1,1,73,Paris Saint-Germain,RB,2,,7/6/2021,2029,129,Morocco,111111,RB,2,Right,4,4,4,,Lean (170-185),Yes,213700000,#Speedster,"Relentless +, Low Driven Shot, Whipped Pass, Jockey, Anticipate, Press Proven, Quick Step",92,79,82,83,82,79,85,80,71,86,74,82,78,80,73,85,89,95,81,90,78,82,84,95,72,77,77,85,84,78,68,84,82,85,79,10,8,14,6,8,,82+3,82+3,82+3,84+0,84+0,84+0,84+0,84+0,83+3,83+3,83+3,85+3,83+3,83+3,83+3,85+3,86+3,83+3,83+3,83+3,86+3,86+3,81+3,81+3,81+3,86+3,17+3,https://cdn.sofifa.net/players/235/212/26_120.png
255253,/player/255253/vitor-machado-ferreira/260004/,26,4,9/19/2025,Vitinha,Vítor Machado Ferreira,"CM, CDM, CAM",89,91,128500000,170000,25,2/13/2000,172,64,16,Ligue 1,1,73,Paris Saint-Germain,CM,17,,6/30/2022,2029,38,Portugal,1354,CDM,23,Right,3,4,4,,Lean (170-185),Yes,247400000,"#Dribbler, #Playmaker , #Acrobat, #Complete midfielder","Technical +, Finesse Shot, Incisive Pass, Long Ball Pass, Tiki Taka, Intercept, Relentless",72,80,86,90,75,70,78,80,52,90,62,91,81,69,89,88,75,69,91,88,89,77,66,87,59,84,77,85,81,90,88,88,74,79,69,12,13,8,5,5,,78+3,78+3,78+3,84+0,84+0,84+0,84+0,84+0,87+3,87+3,87+3,85+3,88+3,88+3,88+3,85+3,81+3,83+3,83+3,83+3,81+3,79+3,74+3,74+3,74+3,79+3,17+3,https://cdn.sofifa.net/players/255/253/26_120.png
233419,/player/233419/raphael-dias-belloli/260004/,26,4,9/19/2025,Raphinha,Raphael Dias Belloli,"LM, LW",89,89,104000000,200000,28,12/14/1996,176,68,53,La Liga,1,241,FC Barcelona,LM,11,,7/13/2022,2028,54,Brazil,,,,Left,4,4,4,,Lean (170-185),Yes,213200000,"#Speedster, #Dribbler, #Crosser, #Acrobat, #Clinical finisher, #Complete forward","Rapid +, Finesse Shot, Power Shot, Trickster, Quick Step, Relentless",91,84,85,87,53,75,86,87,74,85,72,88,85,79,80,88,90,91,88,87,79,83,82,91,65,82,77,56,89,87,78,85,49,54,38,8,7,13,8,14,,84+3,84+3,84+3,87+0,87+0,87+0,87+0,87+0,87+2,87+2,87+2,87+2,83+3,83+3,83+3,87+2,73+3,71+3,71+3,71+3,73+3,70+3,63+3,63+3,63+3,70+3,18+3,https://cdn.sofifa.net/players/233/419/26_120.png
251854,/player/251854/pedro-gonzalez-lopez/260004/,26,4,9/19/2025,Pedri,Pedro González López,"CM, CDM, CAM",89,93,149500000,170000,22,11/25/2002,174,60,53,La Liga,1,241,FC Barcelona,LDM,8,,8/4/2020,2030,45,Spain,1362,RCM,20,Right,4,4,4,,Lean (170-185),Yes,317700000,"#Dribbler, #Playmaker , #Tactician , #Acrobat, #Complete midfielder","First Touch +, Incisive Pass, Long Ball Pass, Tiki Taka, Technical, Relentless",77,73,85,91,78,77,76,77,50,90,56,91,79,62,88,91,79,76,89,87,92,68,72,90,73,76,72,87,86,91,53,90,74,85,79,12,7,11,8,8,,78+3,78+3,78+3,85+0,84+0,84+0,84+0,85+0,87+3,87+3,87+3,86+3,88+3,88+3,88+3,86+3,84+3,85+3,85+3,85+3,84+3,82+3,78+3,78+3,78+3,82+3,17+3,https://cdn.sofifa.net/players/251/854/26_120.png
202126,/player/202126/harry-kane/260004/,26,4,9/19/2025,H. Kane,Harry Edward Kane,ST,89,89,87000000,155000,31,7/28/1993,188,86,19,Bundesliga,1,21,FC Bayern München,ST,9,,8/12/2023,2027,14,England,1318,ST,9,Right,4,3,5,,Unique,Yes,143600000,"#Aerial threat, #Distance shooter, #Strength, #Clinical finisher, #Complete forward","Finesse Shot +, Precision Header, Low Driven Shot, Gamechanger, Long Ball Pass, First Touch",64,92,83,82,48,82,80,93,90,86,89,80,82,69,79,87,62,66,67,94,72,91,87,76,86,89,80,42,94,86,93,92,46,44,38,8,10,11,14,11,,88+1,88+1,88+1,83+0,86+0,86+0,86+0,83+0,85+3,85+3,85+3,83+3,81+3,81+3,81+3,83+3,66+3,68+3,68+3,68+3,66+3,63+3,63+3,63+3,63+3,63+3,20+3,https://cdn.sofifa.net/players/202/126/26_120.png
256630,/player/256630/florian-wirtz/260004/,26,4,9/19/2025,F. Wirtz,Florian Richard Wirtz,"CAM, ST, CM",89,93,150500000,190000,22,5/3/2003,177,71,13,Premier League,1,9,Liverpool,CAM,7,,1/31/2020,2030,21,Germany,1337,RAM,17,Right,4,4,5,,Normal (170-185),Yes,289700000,"#Dribbler, #Playmaker , #Crosser, #Acrobat, #Complete midfielder","Incisive Pass +, Finesse Shot, Chip Shot, Low Driven Shot, Inventive, Technical, First Touch",80,82,88,90,54,67,87,84,43,91,81,90,83,74,87,92,82,79,88,88,87,78,65,87,59,84,63,55,85,91,66,86,64,49,44,14,14,13,6,10,,80+3,80+3,80+3,87+0,86+0,86+0,86+0,87+0,88+3,88+3,88+3,88+3,85+3,85+3,85+3,88+3,74+3,73+3,73+3,73+3,74+3,69+3,60+3,60+3,60+3,69+3,20+3,https://cdn.sofifa.net/players/256/630/26_120.png
238794,/player/238794/vinicius-jose-de-oliveira-junior/260004/,26,4,9/19/2025,Vini Jr.,Vinicius José Paixão de Oliveira Junior,"LW, ST, LM",89,92,141000000,320000,24,7/12/2000,176,73,53,La Liga,1,243,Real Madrid,LM,7,,7/12/2018,2027,54,Brazil,,,,Right,4,5,5,,Lean (170-185),Yes,299600000,"#Speedster, #Dribbler, #Acrobat, #Clinical finisher, #Complete forward","Quick Step +, Finesse Shot, Chip Shot, Gamechanger, Inventive, Rapid, First Touch",95,84,81,91,29,69,81,88,50,83,73,93,79,62,77,90,95,95,94,85,84,81,74,84,65,83,58,26,86,85,74,83,32,25,18,5,7,7,7,10,,82+3,82+3,82+3,88+0,87+0,87+0,87+0,88+0,87+3,87+3,87+3,87+3,79+3,79+3,79+3,87+3,63+3,59+3,59+3,59+3,63+3,57+3,46+3,46+3,46+3,57+3,16+3,https://cdn.sofifa.net/players/238/794/26_120.png
277643,/player/277643/lamine-yamal-nasraoui-ebana/260004/,26,4,9/19/2025,Lamine Yamal,Lamine Yamal Nasraoui Ebanaلامين يامال نصراوي إبانا,"RM, RW",89,95,147000000,100000,17,7/13/2007,180,72,53,La Liga,1,241,FC Barcelona,RM,10,,7/1/2022,2031,45,Spain,1362,RM,19,Left,3,5,5,,Lean (170-185),Yes,330800000,"#Dribbler, #Crosser, #Acrobat","Technical +, Finesse Shot, Gamechanger, Incisive Pass, Inventive, First Touch, Quick Step",85,81,86,90,23,53,89,83,33,88,65,92,87,65,84,90,88,83,93,88,81,83,58,73,45,82,45,18,88,88,69,84,23,20,28,9,13,7,10,7,,79+3,79+3,79+3,88+0,86+0,86+0,86+0,88+0,88+3,88+3,88+3,87+3,80+3,80+3,80+3,87+3,62+3,56+3,56+3,56+3,62+3,55+3,39+3,39+3,39+3,55+3,18+3,https://cdn.sofifa.net/players/277/643/26_120.png
212831,/player/212831/alisson-ramses-becker/260004/,26,4,9/19/2025,Alisson,Alisson Ramsés Becker,GK,89,89,51000000,140000,32,10/2/1992,193,91,13,Premier League,1,9,Liverpool,GK,1,,7/19/2018,2027,54,Brazil,,,,Right,3,1,5,,Unique,Yes,94400000,,"Rush Out +, Far Throw, Deflector",,,,,,,17,13,29,60,20,27,19,18,58,42,60,49,40,87,37,65,82,32,78,14,27,11,13,66,23,66,15,19,16,86,85,86,90,89,56,39+3,39+3,39+3,39+0,42+0,42+0,42+0,39+0,45+3,45+3,45+3,42+3,46+3,46+3,46+3,42+3,34+3,39+3,39+3,39+3,34+3,33+3,33+3,33+3,33+3,33+3,87+2,https://cdn.sofifa.net/players/212/831/26_120.png
230621,/player/230621/gianluigi-donnarumma/260004/,26,4,9/19/2025,G. Donnarumma,Gianluigi Donnarumma,GK,89,91,97000000,150000,26,2/25/1999,196,90,13,Premier League,1,10,Manchester City,GK,25,,9/2/2025,2030,27,Italy,1343,GK,1,Right,3,1,4,,Unique,Yes,186700000,,"Deflector +, Footwork",,,,,,,12,12,12,36,8,28,12,14,34,30,50,55,57,87,38,53,73,41,75,18,30,26,14,60,24,54,21,14,16,90,83,70,87,90,52,33+3,33+3,33+3,34+0,36+0,36+0,36+0,34+0,38+3,38+3,38+3,36+3,38+3,38+3,38+3,36+3,32+3,35+3,35+3,35+3,32+3,31+3,32+3,32+3,32+3,31+3,87+3,https://cdn.sofifa.net/players/230/621/26_120.png
192119,/player/192119/thibaut-courtois/260004/,26,4,9/19/2025,T. Courtois,Thibaut Nicolas Marc Courtois,GK,89,89,33500000,220000,33,5/11/1992,200,96,53,La Liga,1,243,Real Madrid,GK,1,,8/9/2018,2026,7,Belgium,,,,Left,3,1,5,,Unique,Yes,68700000,,"Cross Claimer +, Far Throw, Rush Out",,,,,,,14,14,13,33,12,13,19,20,35,23,42,52,63,88,45,57,68,38,70,17,23,15,13,44,27,66,20,18,16,85,89,76,88,90,46,32+3,32+3,32+3,30+0,31+0,31+0,31+0,30+0,32+3,32+3,32+3,31+3,33+3,33+3,33+3,31+3,29+3,31+3,31+3,31+3,29+3,29+3,29+3,29+3,29+3,29+3,87+2,https://cdn.sofifa.net/players/192/119/26_120.png
246669,/player/246669/bukayo-saka/260004/,26,4,9/19/2025,B. Saka,Bukayo Saka,"RW, RM",88,90,118500000,230000,23,9/5/2001,178,65,13,Premier League,1,1,Arsenal,RW,7,,9/14/2018,2027,14,England,1318,RES,25,Left,4,3,4,,Lean (170-185),Yes,228100000,"#Dribbler, #Crosser","Whipped Pass +, Finesse Shot, Technical",84,82,85,88,60,73,90,84,49,85,79,89,88,74,77,88,87,81,85,88,88,79,72,86,68,81,68,62,86,86,87,82,60,62,60,7,8,13,9,13,,80+3,80+3,80+3,87+0,85+0,85+0,85+0,87+0,86+3,86+3,86+3,86+3,83+3,83+3,83+3,86+3,77+3,74+3,74+3,74+3,77+3,74+3,65+3,65+3,65+3,74+3,18+3,https://cdn.sofifa.net/players/246/669/26_120.png
231478,/player/231478/lautaro-martinez/260004/,26,4,9/19/2025,L. Martínez,Lautaro Javier Martínez,ST,88,88,99000000,79000,27,8/22/1997,174,72,31,Serie A,1,44,Inter,LS,10,,7/4/2018,2029,52,Argentina,1369,SUB,22,Right,4,4,5,,Unique,Yes,163400000,"#Acrobat, #Clinical finisher","Gamechanger +, Power Shot, Precision Header, Incisive Pass, Technical, Relentless, Enforcer",81,88,75,84,51,83,68,93,86,78,92,81,84,65,72,84,83,80,88,92,87,87,91,86,80,80,87,48,93,79,74,88,45,50,45,11,8,8,8,13,,87+1,87+1,87+1,83+0,85+0,85+0,85+0,83+0,83+3,83+3,83+3,82+3,78+3,78+3,78+3,82+3,68+3,68+3,68+3,68+3,68+3,66+3,64+3,64+3,64+3,66+3,19+3,https://cdn.sofifa.net/players/231/478/26_120.png
188545,/player/188545/robert-lewandowski/260004/,26,4,9/19/2025,R. Lewandowski,Robert Lewandowski,ST,88,88,31000000,155000,36,8/21/1988,185,81,53,La Liga,1,241,FC Barcelona,ST,9,,7/18/2022,2026,37,Poland,1353,RS,9,Right,4,4,5,,Unique,Yes,63600000,#Clinical finisher,"Chip Shot +, Finesse Shot, Power Shot, Precision Header, Low Driven Shot, Incisive Pass, First Touch",74,89,79,85,44,84,76,92,87,84,86,84,79,84,70,88,73,74,77,89,83,89,91,76,89,82,81,49,90,81,90,87,35,42,19,15,6,12,8,10,,87+1,87+1,87+1,84+0,86+0,86+0,86+0,84+0,84+3,84+3,84+3,82+3,79+3,79+3,79+3,82+3,64+3,65+3,65+3,65+3,64+3,60+3,60+3,60+3,60+3,60+3,19+3,https://cdn.sofifa.net/players/188/545/26_120.png
256790,/player/256790/jamal-musiala/260004/,26,4,9/19/2025,J. Musiala,Jamal Musiala,"CAM, LM, CM, ST",88,92,133500000,110000,22,2/26/2003,184,72,19,Bundesliga,1,21,FC Bayern München,SUB,10,,6/3/2020,2030,21,Germany,,,,Right,4,5,4,,Lean (170-185),Yes,230300000,"#Dribbler, #Acrobat, #Clinical finisher, #Complete forward","Technical +, Precision Header, Low Driven Shot, Gamechanger, Incisive Pass, Inventive, Trickster",80,82,80,90,66,65,70,86,75,87,75,94,75,59,79,85,85,75,94,89,93,80,80,73,61,82,59,65,88,84,61,83,64,66,61,6,9,8,8,11,,83+3,83+3,83+3,85+0,86+0,86+0,86+0,85+0,87+3,87+3,87+3,84+3,83+3,83+3,83+3,84+3,74+3,74+3,74+3,74+3,74+3,73+3,69+3,69+3,69+3,73+3,17+3,https://cdn.sofifa.net/players/256/790/26_120.png
233731,/player/233731/alexander-isak/260004/,26,4,9/19/2025,A. Isak,Alexander Isak,ST,88,89,111000000,200000,25,9/21/1999,192,77,13,Premier League,1,9,Liverpool,SUB,9,,9/1/2025,2031,46,Sweden,1363,RS,9,Right,4,4,4,,Lean (185+),Yes,213700000,"#Distance shooter, #Clinical finisher","Finesse Shot +, Power Shot, Low Driven Shot, Gamechanger, Rapid, First Touch",83,89,73,85,39,76,68,91,82,79,81,88,75,64,60,87,86,80,73,87,69,91,90,82,79,83,58,38,89,80,86,88,35,34,29,7,6,9,7,11,,87+2,87+2,87+2,84+0,86+0,86+0,86+0,84+0,83+3,83+3,83+3,82+3,76+3,76+3,76+3,82+3,63+3,60+3,60+3,60+3,63+3,60+3,55+3,55+3,55+3,60+3,17+3,https://cdn.sofifa.net/players/233/731/26_120.png
232580,/player/232580/gabriel-dos-s-magalhaes/260004/,26,4,9/19/2025,Gabriel,Gabriel dos Santos Magalhães,CB,88,88,84000000,230000,27,12/19/1997,190,87,13,Premier League,1,1,Arsenal,LCB,6,,9/1/2020,2029,54,Brazil,,,,Left,2,2,4,,Normal (185+),Yes,155400000,"#Aerial threat, #Tackling , #Tactician , #Strength, #Complete defender","Bruiser +, Precision Header",64,44,64,65,88,84,42,37,90,79,33,64,57,31,76,71,61,67,51,88,37,62,88,71,89,39,86,87,52,63,51,79,89,88,87,12,8,13,10,7,,63+3,63+3,63+3,61+0,63+0,63+0,63+0,61+0,65+3,65+3,65+3,64+3,71+3,71+3,71+3,64+3,75+3,82+3,82+3,82+3,75+3,78+3,87+1,87+1,87+1,78+3,18+3,https://cdn.sofifa.net/players/232/580/26_120.png
200389,/player/200389/jan-oblak/260004/,26,4,9/19/2025,J. Oblak,Jan Oblak,GK,88,88,45000000,87000,32,1/7/1993,188,87,53,La Liga,1,240,Atlético Madrid,GK,13,,7/16/2014,2028,44,Slovenia,,,,Right,3,1,4,,Unique,Yes,94500000,,"Cross Claimer +, Far Throw, Far Reach",,,,,,,13,11,15,43,13,12,13,14,40,30,42,53,64,85,48,59,72,42,78,12,36,24,11,67,11,68,27,14,18,85,90,78,86,87,46,32+3,32+3,32+3,32+0,34+0,34+0,34+0,32+0,37+3,37+3,37+3,34+3,39+3,39+3,39+3,34+3,32+3,37+3,37+3,37+3,32+3,32+3,34+3,34+3,34+3,32+3,86+2,https://cdn.sofifa.net/players/200/389/26_120.png
224232,/player/224232/nicolo-barella/260004/,26,4,9/19/2025,N. Barella,Nicolò Barella,CM,87,87,79500000,69000,28,2/7/1997,175,68,31,Serie A,1,44,Inter,RCM,23,,9/1/2020,2029,27,Italy,1343,RCM,18,Right,4,3,4,,Normal (170-),Yes,131199999,#Acrobat,"Relentless +, Incisive Pass, Pinged Pass, Long Ball Pass, Jockey, Intercept, Press Proven",80,78,84,86,81,76,79,77,60,89,80,84,79,67,87,87,82,78,91,91,88,80,75,89,66,79,87,85,84,85,73,88,80,85,80,11,5,13,14,11,,80+3,80+3,80+3,84+0,84+0,84+0,84+0,84+0,85+2,85+2,85+2,84+3,86+1,86+1,86+1,84+3,84+3,85+2,85+2,85+2,84+3,83+3,80+3,80+3,80+3,83+3,19+3,https://cdn.sofifa.net/players/224/232/26_120.png
239837,/player/239837/alexis-mac-allister/260004/,26,4,9/19/2025,A. Mac Allister,Alexis Mac Allister,"CM, CDM",87,88,93000000,180000,26,12/24/1998,176,72,13,Premier League,1,9,Liverpool,LDM,10,,6/14/2023,2028,52,Argentina,1369,LCM,20,Right,3,3,4,,Normal (170-185),Yes,179000000,#Playmaker ,"Pinged Pass +, Power Shot, Dead Ball, Gamechanger, Block, Press Proven",66,82,85,85,78,76,79,79,65,88,77,84,83,82,87,86,68,64,82,89,86,88,72,87,69,85,83,80,78,86,86,86,78,83,74,7,10,14,15,10,,79+3,79+3,79+3,81+0,82+0,82+0,82+0,81+0,84+3,84+3,84+3,82+3,86+2,86+2,86+2,82+3,81+3,83+3,83+3,83+3,81+3,79+3,78+3,78+3,78+3,79+3,19+3,https://cdn.sofifa.net/players/239/837/26_120.png
212198,/player/212198/bruno-miguel-borges-fernandes/260004/,26,4,9/19/2025,Bruno Fernandes,Bruno Miguel Borges Fernandes,"CAM, CM",87,87,77000000,165000,30,9/8/1994,179,69,13,Premier League,1,11,Manchester United,LCM,8,,1/30/2020,2027,38,Portugal,1354,RCM,8,Right,4,4,4,,Unique,Yes,146300000,#Playmaker ,"Relentless +, Dead Ball, Gamechanger, Incisive Pass, Long Ball Pass, Tiki Taka, Inventive",67,83,89,83,65,75,85,80,63,90,87,82,85,85,90,87,68,66,78,90,73,86,69,95,61,85,84,63,86,92,91,85,62,71,66,12,14,15,8,14,,80+3,80+3,80+3,83+0,84+0,84+0,84+0,83+0,86+1,86+1,86+1,84+3,87+0,87+0,87+0,84+3,78+3,79+3,79+3,79+3,78+3,75+3,70+3,70+3,70+3,75+3,21+3,https://cdn.sofifa.net/players/212/198/26_120.png
246191,/player/246191/julian-alvarez/260004/,26,4,9/19/2025,J. Alvarez,Julián Álvarez,ST,87,90,107000000,125000,25,1/31/2000,170,71,53,La Liga,1,240,Atlético Madrid,LS,19,,8/12/2024,2030,52,Argentina,1369,ST,9,Right,4,4,4,,Normal (170-),Yes,232700000,"#Dribbler, #Distance shooter, #Acrobat, #Clinical finisher, #Complete forward","Press Proven +, Finesse Shot",85,87,81,87,57,79,77,88,78,83,84,87,87,80,78,88,86,85,87,88,87,88,86,85,72,86,86,52,88,83,78,86,60,55,46,6,10,8,15,6,,86+3,86+3,86+3,86+0,86+0,86+0,86+0,86+0,86+3,86+3,86+3,85+3,81+3,81+3,81+3,85+3,72+3,72+3,72+3,72+3,72+3,70+3,66+3,66+3,66+3,70+3,18+3,https://cdn.sofifa.net/players/246/191/26_120.png
234378,/player/234378/declan-rice/260004/,26,4,9/19/2025,D. Rice,Declan Rice,"CDM, CM",87,88,83500000,210000,26,1/14/1999,185,80,13,Premier League,1,1,Arsenal,LCM,41,,7/15/2023,2028,14,England,1318,LDM,4,Right,3,3,4,,Normal (185+),Yes,160700000,"#Crosser, #Tackling , #Tactician ","Dead Ball, Whipped Pass, Block, Intercept, Aerial Fortress, Press Proven, Relentless",72,73,84,80,83,83,88,64,72,86,50,82,86,75,86,84,71,73,63,85,65,87,80,92,78,83,85,86,77,79,71,86,81,86,85,8,11,14,5,9,,77+3,77+3,77+3,79+0,79+0,79+0,79+0,79+0,80+3,80+3,80+3,81+3,84+3,84+3,84+3,81+3,85+3,85+3,85+3,85+3,85+3,84+3,82+3,82+3,82+3,84+3,17+3,https://cdn.sofifa.net/players/234/378/26_120.png
228702,/player/228702/frenkie-de-jong/260004/,26,4,9/19/2025,F. de Jong,Frenkie de Jong,"CM, CDM",87,87,79500000,170000,28,5/12/1997,181,74,53,La Liga,1,241,FC Barcelona,RDM,21,,7/1/2019,2026,34,Netherlands,105035,LDM,21,Right,3,4,4,,Unique,Yes,163000000,"#Dribbler, #Playmaker , #Acrobat, #Complete midfielder","Tiki Taka +, Incisive Pass, Inventive, Press Proven",82,71,85,87,78,77,78,75,72,90,70,86,84,64,87,88,80,83,87,87,79,68,82,87,73,69,74,82,78,88,53,90,76,78,77,7,13,10,10,9,,78+3,78+3,78+3,83+0,82+0,82+0,82+0,83+0,85+2,85+2,85+2,84+3,86+1,86+1,86+1,84+3,83+3,83+3,83+3,83+3,83+3,81+3,78+3,78+3,78+3,81+3,18+3,https://cdn.sofifa.net/players/228/702/26_120.png
192985,/player/192985/kevin-de-bruyne/260004/,26,4,9/19/2025,K. De Bruyne,Kevin De Bruyne,"CM, CAM",87,87,36500000,175000,34,6/28/1991,181,75,31,Serie A,1,48,Napoli,LCM,11,,8/30/2015,2027,7,Belgium,,,,Right,5,4,4,,Unique,Yes,62100000,"#Playmaker , #Distance shooter, #Crosser, #Complete midfielder","Whipped Pass +, Dead Ball, Incisive Pass, Pinged Pass, Inventive",66,83,92,84,65,72,93,78,55,92,81,85,93,83,93,89,65,66,68,89,66,90,70,66,74,87,73,65,81,92,83,87,65,70,55,15,13,5,10,13,,79+3,79+3,79+3,84+0,84+0,84+0,84+0,84+0,86+1,86+1,86+1,84+3,86+1,86+1,86+1,84+3,75+3,78+3,78+3,78+3,75+3,72+3,69+3,69+3,69+3,72+3,21+3,https://cdn.sofifa.net/players/192/985/26_120.png
247635,/player/247635/khvicha-kvaratskhelia/260004/,26,4,9/19/2025,K. Kvaratskhelia,Khvicha Kvaratskheliaხვიჩა კვარაცხელია,"LW, RW, LM",87,90,109000000,140000,24,2/12/2001,183,70,16,Ligue 1,1,73,Paris Saint-Germain,LW,7,,1/17/2025,2029,20,Georgia,,,,Right,5,5,3,,Normal (170-185),Yes,209800000,"#Dribbler, #Acrobat","Inventive +, Finesse Shot, Gamechanger, Incisive Pass, Technical, Trickster",86,80,83,88,58,78,79,81,62,87,64,89,86,74,78,88,85,86,86,84,84,78,87,83,76,86,73,58,87,85,70,84,53,62,52,9,15,8,14,8,,81+3,81+3,81+3,86+0,85+0,85+0,85+0,86+0,86+3,86+3,86+3,85+3,83+3,83+3,83+3,85+3,74+3,73+3,73+3,73+3,74+3,71+3,66+3,66+3,66+3,71+3,19+3,https://cdn.sofifa.net/players/247/635/26_120.png
222665,/player/222665/martin-odegaard/260004/,26,4,9/19/2025,M. Ødegaard,Martin Ødegaard,"CM, CAM",87,89,98000000,220000,26,12/17/1998,178,68,13,Premier League,1,1,Arsenal,RCM,8,,8/20/2021,2028,36,Norway,1352,RCM,10,Left,2,5,4,,Lean (170-185),Yes,188700000,"#Dribbler, #Playmaker , #Crosser, #Complete midfielder","Incisive Pass +, Pinged Pass, Inventive, Technical, First Touch",68,79,88,87,67,65,86,79,55,90,79,87,84,82,88,88,68,68,85,88,83,82,63,88,55,80,64,69,78,90,68,87,68,72,57,14,15,15,8,10,,77+3,77+3,77+3,83+0,83+0,83+0,83+0,83+0,85+3,85+3,85+3,84+3,86+3,86+3,86+3,84+3,78+3,78+3,78+3,78+3,78+3,74+3,68+3,68+3,68+3,74+3,20+3,https://cdn.sofifa.net/players/222/665/26_120.png
256079,/player/256079/moises-caicedo/260004/,26,4,9/19/2025,M. Caicedo,Moisés Isaac Caicedo Corozo,"CDM, CM",87,89,93000000,170000,23,11/2/2001,178,73,13,Premier League,1,5,Chelsea,RDM,25,,8/14/2023,2031,57,Ecuador,,,,Right,3,3,4,,Normal (170-185),Yes,183700000,"#Tackling , #Tactician ","Slide Tackle +, Pinged Pass, Tiki Taka, Intercept, Anticipate, Press Proven, Relentless",71,64,78,81,84,82,65,57,70,85,60,79,73,55,84,83,76,66,80,84,79,75,80,90,77,72,85,87,63,79,55,83,83,86,87,15,6,13,9,13,,71+3,71+3,71+3,74+0,75+0,75+0,75+0,74+0,77+3,77+3,77+3,76+3,81+3,81+3,81+3,76+3,82+3,85+3,85+3,85+3,82+3,81+3,82+3,82+3,82+3,81+3,19+3,https://cdn.sofifa.net/players/256/079/26_120.png
257534,/player/257534/cole-palmer/260004/,26,4,9/19/2025,C. Palmer,Cole Jermaine Palmer,"CAM, RM, ST",87,90,109000000,185000,23,5/6/2002,185,76,13,Premier League,1,5,Chelsea,CAM,10,,9/1/2023,2033,14,England,1318,RES,24,Left,3,4,4,,Lean (185+),Yes,215300000,"#Dribbler, #Playmaker , #Complete midfielder","Inventive +, Finesse Shot, Low Driven Shot, Gamechanger, Incisive Pass, Technical, First Touch",75,83,87,87,50,65,85,82,60,87,70,87,86,81,86,89,76,75,80,88,78,85,71,83,60,85,55,50,87,89,90,89,50,50,40,7,6,10,14,14,,81+3,81+3,81+3,85+0,85+0,85+0,85+0,85+0,86+3,86+3,86+3,85+3,83+3,83+3,83+3,85+3,70+3,69+3,69+3,69+3,70+3,66+3,58+3,58+3,58+3,66+3,19+3,https://cdn.sofifa.net/players/257/534/26_120.png
215441,/player/215441/serhou-guirassy/260004/,26,4,9/19/2025,S. Guirassy,Serhou Yadaly Guirassy,ST,87,87,79500000,105000,29,3/12/1996,187,82,19,Bundesliga,1,22,Borussia Dortmund,ST,9,,7/18/2024,2028,118,Guinea,,,,Right,4,3,4,,Normal (185+),Yes,135200000,#Clinical finisher,"Finesse Shot +, Chip Shot, Precision Header, Acrobatic, Low Driven Shot, First Touch",72,88,76,83,45,83,65,90,88,83,87,83,76,67,72,86,74,71,76,86,77,91,90,84,85,82,76,33,90,79,83,88,42,44,36,11,8,12,12,8,,86+1,86+1,86+1,82+0,84+0,84+0,84+0,82+0,83+3,83+3,83+3,81+3,78+3,78+3,78+3,81+3,63+3,64+3,64+3,64+3,63+3,61+3,60+3,60+3,60+3,61+3,18+3,https://cdn.sofifa.net/players/215/441/26_120.png
241651,/player/241651/viktor-gyokeres/260004/,26,4,9/19/2025,V. Gyökeres,Viktor Einar Gyökeres,ST,87,88,93000000,240000,27,6/4/1998,189,94,13,Premier League,1,1,Arsenal,ST,14,,7/26/2025,2030,46,Sweden,1363,LS,17,Right,4,3,4,,Stocky (185+),Yes,179000000,"#Speedster, #Strength, #Clinical finisher, #Complete forward","Enforcer +, Finesse Shot, Power Shot, Acrobatic, Low Driven Shot, Press Proven, Quick Step",90,86,73,81,36,91,72,88,81,78,77,80,72,71,58,83,88,92,82,87,72,88,95,93,91,80,87,28,88,79,88,85,34,34,16,10,13,11,14,8,,86+2,86+2,86+2,83+0,84+0,84+0,84+0,83+0,82+3,82+3,82+3,82+3,74+3,74+3,74+3,82+3,62+3,60+3,60+3,60+3,62+3,58+3,55+3,55+3,55+3,58+3,20+3,https://cdn.sofifa.net/players/241/651/26_120.png
232293,/player/232293/victor-osimhen/260004/,26,4,9/19/2025,V. Osimhen,Victor James Osimhen,ST,87,89,100000000,110000,26,12/29/1998,186,77,68,Süper Lig,1,325,Galatasaray SK,ST,45,,7/31/2025,2029,133,Nigeria,,,,Right,4,3,4,,Normal (185+),Yes,197500000,"#Speedster, #Strength","Chip Shot, Precision Header, Acrobatic, Gamechanger, Rapid",92,84,65,81,42,84,62,88,89,72,85,80,63,52,54,84,91,92,79,88,68,86,95,81,91,73,68,34,91,70,85,80,36,45,22,14,14,10,9,6,,86+3,86+3,86+3,81+0,83+0,83+0,83+0,81+0,79+3,79+3,79+3,79+3,72+3,72+3,72+3,79+3,61+3,59+3,59+3,59+3,61+3,60+3,58+3,58+3,58+3,60+3,19+3,https://cdn.sofifa.net/players/232/293/26_120.png
207865,/player/207865/marcos-aoas-correa/260004/,26,4,9/19/2025,Marquinhos,Marcos Aoás Corrêa,CB,87,87,54500000,145000,31,5/14/1994,183,75,16,Ligue 1,1,73,Paris Saint-Germain,RCB,5,,7/19/2013,2028,54,Brazil,,,,Right,3,3,4,,Normal (170-185),Yes,100800000,"#Tackling , #Tactician ","Intercept +, Jockey, Anticipate, Aerial Fortress",78,56,75,74,89,80,68,59,88,84,35,69,58,32,85,79,75,80,68,86,67,65,89,79,79,45,81,89,70,76,52,86,90,89,88,6,6,12,10,13,,72+3,72+3,72+3,72+0,73+0,73+0,73+0,72+0,74+3,74+3,74+3,75+3,79+3,79+3,79+3,75+3,82+3,85+2,85+2,85+2,82+3,84+3,86+1,86+1,86+1,84+3,17+3,https://cdn.sofifa.net/players/207/865/26_120.png
241486,/player/241486/jules-kounde/260004/,26,4,9/19/2025,J. Koundé,Jules Olivier Koundé,"RB, CB, RM",87,88,85500000,155000,26,11/12/1998,180,75,53,La Liga,1,241,FC Barcelona,RB,23,,7/28/2022,2030,18,France,1335,RB,5,Right,3,3,4,,Normal (170-185),Yes,181700000,#Tactician ,"Jockey +, Long Ball Pass, Slide Tackle, Aerial Fortress, Quick Step, Relentless",84,47,74,79,86,84,78,47,80,82,32,78,64,26,75,81,85,83,70,86,78,48,91,87,85,45,78,86,69,70,43,82,87,86,84,11,10,8,14,13,,69+3,69+3,69+3,74+0,72+0,72+0,72+0,74+0,74+3,74+3,74+3,77+3,77+3,77+3,77+3,77+3,84+3,83+3,83+3,83+3,84+3,84+3,84+3,84+3,84+3,84+3,20+3,https://cdn.sofifa.net/players/241/486/26_120.png
237383,/player/237383/alessandro-bastoni/260004/,26,4,9/19/2025,A. Bastoni,Alessandro Bastoni,CB,87,89,87000000,63000,26,4/13/1999,190,75,31,Serie A,1,44,Inter,LCB,95,,8/30/2017,2028,27,Italy,1343,RCB,21,Left,2,2,4,,Unique,Yes,150100000,#Tactician ,"Pinged Pass, Long Ball Pass, Whipped Pass, Block, Relentless",74,46,75,76,88,82,72,39,86,82,44,74,64,41,84,82,71,77,64,89,60,59,88,81,81,48,83,88,39,72,50,85,87,90,84,11,5,9,11,12,,64+3,64+3,64+3,69+0,67+0,67+0,67+0,69+0,70+3,70+3,70+3,73+3,77+3,77+3,77+3,73+3,82+3,85+3,85+3,85+3,82+3,83+3,86+3,86+3,86+3,83+3,18+3,https://cdn.sofifa.net/players/237/383/26_120.png
243715,/player/243715/william-saliba/260004/,26,4,9/19/2025,W. Saliba,William Alain André Gabriel Saliba,CB,87,89,92000000,180000,24,3/24/2001,193,85,13,Premier League,1,1,Arsenal,RCB,2,,7/25/2019,2027,18,France,1335,LCB,17,Right,3,2,4,,Normal (185+),Yes,177100000,"#Tackling , #Tactician , #Strength, #Complete defender","Anticipate +, Long Ball Pass, Jockey",77,39,68,72,87,83,58,35,80,80,34,74,55,35,77,77,76,78,53,86,46,60,89,72,88,23,83,86,54,62,47,82,88,90,86,7,10,6,8,11,,64+3,64+3,64+3,66+0,66+0,66+0,66+0,66+0,67+3,67+3,67+3,70+3,72+3,72+3,72+3,70+3,79+3,82+3,82+3,82+3,79+3,81+3,86+3,86+3,86+3,81+3,17+3,https://cdn.sofifa.net/players/243/715/26_120.png
213331,/player/213331/jonathan-tah/260004/,26,4,9/19/2025,J. Tah,Jonathan Glao Tah,CB,87,87,66500000,115000,29,2/11/1996,195,94,19,Bundesliga,1,21,FC Bayern München,LCB,4,,6/9/2025,2029,21,Germany,1337,SUB,4,Right,3,2,4,,Stocky (185+),Yes,109700000,"#Aerial threat, #Strength","Anticipate +, Precision Header, Aerial Fortress",63,38,60,63,87,86,39,32,87,78,53,60,37,27,68,70,53,71,49,85,40,60,85,76,91,26,86,84,36,57,38,79,88,89,84,11,8,7,9,14,,59+3,59+3,59+3,56+0,58+0,58+0,58+0,56+0,60+3,60+3,60+3,60+3,67+3,67+3,67+3,60+3,74+3,80+3,80+3,80+3,74+3,77+3,86+1,86+1,86+1,77+3,19+3,https://cdn.sofifa.net/players/213/331/26_120.png
215698,/player/215698/mike-maignan/260004/,26,4,9/19/2025,M. Maignan,Mike Peterson Maignan,GK,87,88,61000000,61000,29,7/3/1995,191,89,31,Serie A,1,47,AC Milan,GK,16,,7/1/2021,2026,18,France,1335,GK,16,Right,4,1,4,,Normal (185+),Yes,108300000,,"Far Throw +, Long Ball Pass, Footwork, Deflector",,,,,,,18,15,17,64,16,30,38,16,61,40,65,62,60,85,56,64,82,39,83,20,35,25,15,65,15,68,23,18,20,84,83,85,84,88,64,40+3,40+3,40+3,41+0,43+0,43+0,43+0,41+0,47+3,47+3,47+3,44+3,48+3,48+3,48+3,44+3,38+3,44+3,44+3,44+3,38+3,37+3,37+3,37+3,37+3,37+3,85+3,https://cdn.sofifa.net/players/215/698/26_120.png
220901,/player/220901/david-raya-martin/260004/,26,4,9/19/2025,David Raya,David Raya Martín,GK,87,87,54500000,145000,29,9/15/1995,183,75,13,Premier League,1,1,Arsenal,GK,1,,7/4/2024,2028,45,Spain,1362,SUB,1,Right,3,1,4,,Normal (170-185),Yes,100800000,,"Cross Claimer +, Footwork",,,,,,,12,19,20,62,20,19,18,15,67,43,64,59,68,84,45,65,64,31,38,14,29,11,15,68,26,68,28,14,13,86,84,87,85,87,62,38+3,38+3,38+3,40+0,42+0,42+0,42+0,40+0,47+3,47+3,47+3,42+3,47+3,47+3,47+3,42+3,34+3,40+3,40+3,40+3,34+3,33+3,29+3,29+3,29+3,33+3,85+2,https://cdn.sofifa.net/players/220/901/26_120.png
177683,/player/177683/yann-sommer/260004/,26,4,9/19/2025,Y. Sommer,Yann Sommer,GK,87,87,9000000,26000,36,12/17/1988,183,77,31,Serie A,1,44,Inter,GK,1,,8/7/2023,2026,47,Switzerland,,,,Right,4,1,4,,Normal (170-185),Yes,14900000,,Far Reach +,,,,,,,13,13,10,46,8,22,12,13,38,30,48,54,57,83,58,64,68,45,68,12,38,21,15,64,24,54,9,20,14,83,82,85,87,89,50,34+3,34+3,34+3,34+0,37+0,37+0,37+0,34+0,39+3,39+3,39+3,37+3,40+3,40+3,40+3,37+3,32+3,36+3,36+3,36+3,32+3,31+3,30+3,30+3,30+3,31+3,85+2,https://cdn.sofifa.net/players/177/683/26_120.png
208128,/player/208128/hakan-calhanoglu/260004/,26,4,9/19/2025,H. Çalhanoğlu,Hakan Çalhanoğlu,"CDM, CM",86,86,47500000,61000,31,2/8/1994,178,69,31,Serie A,1,44,Inter,CDM,20,,7/1/2024,2027,48,Türkiye,,,,Right,5,4,4,,Normal (170-185),Yes,78400000,"#Playmaker , #Distance shooter, #Complete midfielder","Incisive Pass +, Dead Ball, Long Ball Pass, Inventive, Technical, First Touch, Relentless",71,81,87,82,81,73,78,75,65,90,78,78,88,85,89,87,74,68,83,87,77,87,73,81,65,87,83,82,73,89,92,85,81,85,80,9,14,11,6,10,,78+3,78+3,78+3,81+0,81+0,81+0,81+0,81+0,83+3,83+3,83+3,81+3,86+0,86+0,86+0,81+3,82+3,84+2,84+2,84+2,82+3,81+3,79+3,79+3,79+3,81+3,18+3,https://cdn.sofifa.net/players/208/128/26_120.png
231281,/player/231281/trent-alexander-arnold/260004/,26,4,9/19/2025,T. Alexander-Arnold,Trent John Alexander-Arnold,"RB, RM",86,87,73000000,250000,26,10/7/1998,180,69,53,La Liga,1,243,Real Madrid,RB,12,,6/1/2025,2031,14,England,1318,RES,26,Right,4,3,4,,Unique,Yes,155100000,#Crosser,"Whipped Pass +, Dead Ball, Incisive Pass, Long Ball Pass, Relentless",76,72,89,80,80,74,93,64,69,87,71,79,91,85,91,85,72,79,73,85,72,85,75,89,68,76,70,84,79,88,66,82,78,82,79,14,15,14,6,7,,76+3,76+3,76+3,80+0,80+0,80+0,80+0,80+0,82+3,82+3,82+3,83+3,85+2,85+2,85+2,83+3,84+3,83+3,83+3,83+3,84+3,83+3,78+3,78+3,78+3,83+3,19+3,https://cdn.sofifa.net/players/231/281/26_120.png
241096,/player/241096/sandro-tonali/260004/,26,4,9/19/2025,S. Tonali,Sandro Tonali,"CDM, CM",86,88,76500000,175000,25,5/8/2000,181,79,13,Premier League,1,13,Newcastle United,CDM,8,,7/3/2023,2028,27,Italy,1343,LCM,8,Right,4,3,3,,Unique,Yes,151100000,,"Slide Tackle, Relentless, Enforcer",79,74,82,80,81,83,78,69,70,86,68,78,75,81,83,85,78,79,76,84,77,85,83,83,82,77,84,84,76,79,64,84,81,84,81,13,9,8,7,7,,78+3,78+3,78+3,79+0,79+0,79+0,79+0,79+0,80+3,80+3,80+3,80+3,82+3,82+3,82+3,80+3,82+3,84+3,84+3,84+3,82+3,82+3,82+3,82+3,82+3,82+3,17+3,https://cdn.sofifa.net/players/241/096/26_120.png
240638,/player/240638/tijjani-reijnders/260004/,26,4,9/19/2025,T. Reijnders,Tijjani Martinus Jan Reijnders Lekatompessy,"CM, CDM, CAM",86,87,79500000,190000,26,7/29/1998,185,73,13,Premier League,1,10,Manchester City,LCM,4,,7/19/2023,2030,34,Netherlands,105035,CAM,14,Right,4,4,4,,Lean (185+),Yes,153000000,,"Tiki Taka +, Finesse Shot, Power Shot, Incisive Pass, Technical",79,79,82,85,77,77,73,78,61,87,65,84,77,70,84,88,83,75,82,85,79,85,77,92,69,83,80,80,86,84,59,84,78,80,72,6,10,9,14,9,,80+3,80+3,80+3,83+0,84+0,84+0,84+0,83+0,84+3,84+3,84+3,83+3,85+2,85+2,85+2,83+3,81+3,82+3,82+3,82+3,81+3,80+3,77+3,77+3,77+3,80+3,18+3,https://cdn.sofifa.net/players/240/638/26_120.png
247851,/player/247851/bruno-guimaraes-moura/260004/,26,4,9/19/2025,Bruno Guimarães,Bruno Guimarães Rodrigues Moura,"CM, CDM",86,87,77500000,190000,27,11/16/1997,182,74,13,Premier League,1,13,Newcastle United,RCM,39,,1/31/2022,2028,54,Brazil,,,,Right,2,3,4,,Lean (170-185),Yes,153100000,"#Dribbler, #Playmaker , #Complete midfielder","Gamechanger, Incisive Pass, Long Ball Pass, Press Proven, Relentless",66,75,84,84,79,81,76,73,66,88,65,86,83,63,88,86,66,66,73,85,79,76,75,90,76,82,86,82,77,86,65,88,78,82,81,7,11,15,11,11,,77+3,77+3,77+3,80+0,80+0,80+0,80+0,80+0,83+3,83+3,83+3,81+3,85+2,85+2,85+2,81+3,81+3,84+3,84+3,84+3,81+3,80+3,80+3,80+3,80+3,80+3,19+3,https://cdn.sofifa.net/players/247/851/26_120.png
252145,/player/252145/nuno-alexandre-tavares-mendes/260004/,26,4,9/19/2025,Nuno Mendes,Nuno Alexandre Tavares Mendes,"LB, LM",86,89,86000000,110000,23,6/19/2002,180,70,16,Ligue 1,1,73,Paris Saint-Germain,LB,25,,8/31/2021,2029,38,Portugal,1354,LB,25,Left,4,3,3,,Normal (170-185),Yes,165600000,"#Speedster, #Acrobat","Quick Step +, Pinged Pass, Whipped Pass, Jockey, Anticipate, Rapid",95,65,76,82,80,77,81,61,73,80,54,81,77,59,72,82,94,95,87,83,84,80,87,83,73,64,75,79,77,72,45,82,77,86,81,7,8,8,12,15,,76+3,76+3,76+3,80+0,78+0,78+0,78+0,80+0,78+3,78+3,78+3,80+3,78+3,78+3,78+3,80+3,83+3,79+3,79+3,79+3,83+3,83+3,80+3,80+3,80+3,83+3,18+3,https://cdn.sofifa.net/players/252/145/26_120.png
211110,/player/211110/paulo-dybala/260004/,26,4,9/19/2025,P. Dybala,Paulo Bruno Exequiel Dybala,"CAM, ST",86,86,56500000,105000,31,11/15/1993,177,75,31,Serie A,1,52,Roma,RAM,21,,7/20/2022,2026,52,Argentina,1369,SUB,21,Left,3,5,4,,Unique,Yes,96100000,"#Dribbler, #FK Specialist, #Acrobat","Gamechanger +, Finesse Shot, Dead Ball, Incisive Pass, Inventive, Technical, First Touch",80,85,84,87,41,64,82,85,65,84,92,87,89,87,79,88,84,76,88,86,87,84,76,76,63,86,48,42,83,88,88,89,32,42,39,5,4,4,5,8,,82+3,82+3,82+3,85+0,85+0,85+0,85+0,85+0,85+1,85+1,85+1,84+2,80+3,80+3,80+3,84+2,66+3,63+3,63+3,63+3,66+3,62+3,53+3,53+3,53+3,62+3,14+3,https://cdn.sofifa.net/players/211/110/26_120.png
247827,/player/247827/michael-olise/260004/,26,4,9/19/2025,M. Olise,Michael Akpovie Olise,"RM, RW",86,88,88000000,95000,23,12/12/2001,184,73,19,Bundesliga,1,21,FC Bayern München,RM,17,,7/7/2024,2029,18,France,1335,SUB,11,Left,2,4,3,,Lean (170-185),Yes,151800000,"#Dribbler, #Acrobat","Finesse Shot, Whipped Pass, Inventive, Technical",78,80,84,87,50,66,79,83,36,86,71,88,82,81,79,86,83,73,90,86,85,78,62,85,57,80,66,55,84,88,72,84,44,58,49,9,11,9,10,10,,77+3,77+3,77+3,84+0,83+0,83+0,83+0,84+0,85+3,85+3,85+3,84+3,82+3,82+3,82+3,84+3,71+3,70+3,70+3,70+3,71+3,67+3,57+3,57+3,57+3,67+3,18+3,https://cdn.sofifa.net/players/247/827/26_120.png
158023,/player/158023/lionel-messi/260004/,26,4,9/19/2025,L. Messi,Lionel Andrés Messi Cuccitini,"RW, ST, CAM, RM",86,86,22000000,17000,38,6/24/1987,169,67,39,Major League Soccer,1,112893,Inter Miami,RS,10,,7/16/2023,2025,52,Argentina,1369,RW,10,Left,4,4,4,,Unique,Yes,33000000,"#Dribbler, #FK Specialist","Tiki Taka +, Finesse Shot, Dead Ball, Gamechanger, Incisive Pass, Technical, Quick Step",78,85,85,90,33,64,80,84,60,85,89,89,90,93,84,94,84,73,84,80,89,84,70,70,68,87,44,40,86,87,75,92,20,35,24,6,11,15,14,8,,82+3,82+3,82+3,85+0,86+0,86+0,86+0,85+0,86+0,86+0,86+0,84+2,81+3,81+3,81+3,84+2,62+3,61+3,61+3,61+3,62+3,57+3,48+3,48+3,48+3,57+3,18+3,https://cdn.sofifa.net/players/158/023/26_120.png
256516,/player/256516/nicholas-williams-arthuer/260004/,26,4,9/19/2025,Nico Williams,Nicholas Williams Arthuer,"LM, RM, LW",86,89,94500000,70000,22,7/12/2002,181,67,53,La Liga,1,448,Athletic Club,LM,10,,7/1/2020,2035,45,Spain,1362,LM,17,Right,5,4,3,,Lean (170-185),Yes,205500000,"#Speedster, #Dribbler, #Acrobat","Rapid +, Finesse Shot, Gamechanger, Inventive, Quick Step, Relentless",93,76,80,87,36,66,83,79,65,82,64,88,81,72,74,85,94,92,92,82,84,78,79,81,61,72,55,40,80,82,62,78,36,28,25,9,13,12,12,14,,79+3,79+3,79+3,84+0,83+0,83+0,83+0,84+0,83+3,83+3,83+3,84+3,76+3,76+3,76+3,84+3,65+3,60+3,60+3,60+3,65+3,60+3,50+3,50+3,50+3,60+3,20+3,https://cdn.sofifa.net/players/256/516/26_120.png
205452,/player/205452/antonio-rudiger/260004/,26,4,9/19/2025,A. Rüdiger,Antonio Rüdiger,CB,86,86,44000000,260000,32,3/3/1993,190,85,53,La Liga,1,243,Real Madrid,SUB,22,,7/1/2022,2026,21,Germany,1337,RCB,2,Right,3,2,4,,Lean (185+),Yes,90200000,#Strength,"Aerial Fortress +, Long Ball Pass, Jockey, Block, Bruiser",79,55,72,70,84,86,68,40,83,83,34,69,50,56,81,74,70,87,56,85,50,84,89,70,91,67,93,83,54,61,40,80,84,85,84,14,15,10,12,8,,68+3,68+3,68+3,68+0,69+0,69+0,69+0,68+0,69+3,69+3,69+3,71+3,74+3,74+3,74+3,71+3,79+3,82+3,82+3,82+3,79+3,80+3,85+1,85+1,85+1,80+3,20+3,https://cdn.sofifa.net/players/205/452/26_120.png
239818,/player/239818/ruben-santos-gato-alves-dias/260004/,26,4,9/19/2025,Rúben Dias,Rúben dos Santos Gato Alves Dias,CB,86,87,64500000,190000,28,5/14/1997,187,82,13,Premier League,1,10,Manchester City,RCB,3,,9/29/2020,2029,38,Portugal,1354,RCB,3,Right,4,2,4,,Normal (185+),Yes,124200000,"#Tackling , #Tactician ","Bruiser +, Long Ball Pass",59,39,69,69,86,84,54,29,85,81,32,64,46,48,79,75,55,62,62,86,56,74,85,71,89,26,88,86,39,64,45,85,87,87,85,7,8,13,7,12,,60+3,60+3,60+3,60+0,61+0,61+0,61+0,60+0,63+3,63+3,63+3,64+3,71+3,71+3,71+3,64+3,76+3,82+3,82+3,82+3,76+3,78+3,85+2,85+2,85+2,78+3,17+3,https://cdn.sofifa.net/players/239/818/26_120.png
256196,/player/256196/willian-pacho/260004/,26,4,9/19/2025,W. Pacho,Willian Joel Pacho Tenorio,CB,86,89,83000000,110000,23,10/16/2001,188,81,16,Ligue 1,1,73,Paris Saint-Germain,LCB,51,,8/9/2024,2029,57,Ecuador,,,,Left,3,2,3,,Normal (185+),Yes,159800000,,"Bruiser +, Jockey, Block, Anticipate",80,34,62,62,86,86,46,30,82,77,26,52,47,38,69,69,74,84,63,85,60,46,90,78,89,29,86,83,36,58,39,81,88,88,81,9,12,12,13,10,,57+3,57+3,57+3,58+0,58+0,58+0,58+0,58+0,60+3,60+3,60+3,62+3,67+3,67+3,67+3,62+3,75+3,80+3,80+3,80+3,75+3,78+3,85+3,85+3,85+3,78+3,19+3,https://cdn.sofifa.net/players/256/196/26_120.png
237678,/player/237678/ibrahima-konate/260004/,26,4,9/19/2025,I. Konaté,Ibrahima Konaté,CB,86,87,70000000,155000,26,5/25/1999,194,95,13,Premier League,1,9,Liverpool,RCB,5,,7/1/2021,2026,18,France,1335,RCB,15,Right,3,3,4,,Normal (185+),Yes,134800000,"#Aerial threat, #Tackling , #Strength","Aerial Fortress, Bruiser",77,34,63,69,86,85,38,29,84,79,28,68,50,27,76,76,69,83,55,85,44,45,83,75,91,31,84,83,44,64,41,80,87,87,86,9,7,9,9,15,,60+3,60+3,60+3,61+0,62+0,62+0,62+0,61+0,65+3,65+3,65+3,66+3,71+3,71+3,71+3,66+3,76+3,81+3,81+3,81+3,76+3,78+3,85+2,85+2,85+2,78+3,18+3,https://cdn.sofifa.net/players/237/678/26_120.png
192448,/player/192448/marc-andre-ter-stegen/260004/,26,4,9/19/2025,M. ter Stegen,Marc-André ter Stegen,GK,86,86,22000000,95000,33,4/30/1992,187,85,53,La Liga,1,241,FC Barcelona,RES,1,,7/1/2014,2028,21,Germany,1337,RES,21,Right,4,1,4,,Unique,Yes,45100000,,"Long Ball Pass, Footwork, Rush Out",,,,,,,18,14,11,61,14,21,18,12,63,30,45,50,39,84,43,67,72,35,78,10,43,22,11,70,25,70,25,13,10,84,84,89,84,85,47,35+3,35+3,35+3,35+0,38+0,38+0,38+0,35+0,42+3,42+3,42+3,39+3,45+3,45+3,45+3,39+3,33+3,41+3,41+3,41+3,33+3,31+3,33+3,33+3,33+3,31+3,84+2,https://cdn.sofifa.net/players/192/448/26_120.png
235073,/player/235073/gregor-kobel/260004/,26,4,9/19/2025,G. Kobel,Gregor Kobel,GK,86,89,66500000,52000,27,12/6/1997,195,88,19,Bundesliga,1,22,Borussia Dortmund,GK,1,,7/1/2021,2028,47,Switzerland,,,,Right,3,1,4,,Normal (185+),Yes,118000000,,"Rush Out +, Far Throw, Deflector",,,,,,,13,10,13,39,10,24,13,12,33,34,38,52,37,84,29,48,71,30,81,10,24,14,10,59,12,66,15,15,15,87,83,64,86,87,44,32+3,32+3,32+3,32+0,34+0,34+0,34+0,32+0,36+3,36+3,36+3,34+3,36+3,36+3,36+3,34+3,29+3,33+3,33+3,33+3,29+3,28+3,30+3,30+3,30+3,28+3,84+3,https://cdn.sofifa.net/players/235/073/26_120.png
226268,/player/226268/federico-dimarco/260004/,26,4,9/19/2025,F. Dimarco,Federico Dimarco,"LB, LM",85,85,52000000,54000,27,11/10/1997,175,76,31,Serie A,1,44,Inter,LB,32,,7/5/2018,2027,27,Italy,1343,LB,3,Left,4,3,3,,Normal (170-185),Yes,85800000,#Crosser,"Finesse Shot, Power Shot, Dead Ball, Low Driven Shot, Whipped Pass, First Touch",80,78,84,82,79,77,87,74,69,84,82,79,88,83,83,86,83,78,84,83,81,81,81,84,72,84,81,80,83,80,71,78,81,81,79,9,8,12,7,7,,79+3,79+3,79+3,82+0,81+0,81+0,81+0,82+0,82+3,82+3,82+3,82+3,83+2,83+2,83+2,82+3,82+3,82+3,82+3,82+3,82+3,82+3,79+3,79+3,79+3,82+3,16+3,https://cdn.sofifa.net/players/226/268/26_120.png
194765,/player/194765/antoine-griezmann/260004/,26,4,9/19/2025,A. Griezmann,Antoine Griezmann,"ST, LM, CAM",85,85,26000000,115000,34,3/21/1991,176,67,53,La Liga,1,240,Atlético Madrid,SUB,7,,10/10/2022,2027,18,France,,,,Left,3,4,4,,Unique,Yes,54600000,"#Dribbler, #Playmaker , #Acrobat, #Clinical finisher, #Complete midfielder, #Complete forward","Chip Shot +, Finesse Shot, Gamechanger, Incisive Pass, Long Ball Pass, Inventive, Technical",77,86,85,88,59,73,82,86,79,86,86,86,89,85,83,90,80,75,88,87,85,85,84,77,70,86,74,59,87,86,79,88,45,63,64,14,8,14,13,14,,84+1,84+1,84+1,85+0,86+-1,86+-1,86+-1,85+0,86+-1,86+-1,86+-1,85+0,83+2,83+2,83+2,85+0,74+3,73+3,73+3,73+3,74+3,72+3,67+3,67+3,67+3,72+3,21+3,https://cdn.sofifa.net/players/194/765/26_120.png
272834,/player/272834/joao-pedro-goncalves-neves/260004/,26,4,9/19/2025,João Neves,João Pedro Gonçalves Neves,"CM, CDM",85,90,79500000,90000,20,9/27/2004,174,66,16,Ligue 1,1,73,Paris Saint-Germain,RCM,87,,8/5/2024,2029,38,Portugal,1354,SUB,15,Right,4,3,3,,Normal (170-185),Yes,153000000,,"Press Proven +, Long Ball Pass, Tiki Taka, Aerial Fortress, Relentless",74,71,80,84,82,83,67,69,72,86,75,83,74,53,86,86,77,71,84,83,86,78,83,92,78,68,84,84,77,84,60,85,83,83,80,8,7,5,13,13,,77+3,77+3,77+3,79+0,80+0,80+0,80+0,79+0,81+3,81+3,81+3,80+3,84+3,84+3,84+3,80+3,81+3,84+3,84+3,84+3,81+3,81+3,81+3,81+3,81+3,81+3,18+3,https://cdn.sofifa.net/players/272/834/26_120.png
246104,/player/246104/ryan-gravenberch/260004/,26,4,9/19/2025,R. Gravenberch,Ryan Jiro Gravenberch,"CDM, CM",85,88,66500000,125000,23,5/16/2002,190,77,13,Premier League,1,9,Liverpool,RDM,38,,9/1/2023,2028,34,Netherlands,105035,RDM,8,Right,4,4,3,,Lean (185+),Yes,128000000,#Tactician ,"Intercept, Press Proven",76,76,81,85,81,81,74,78,67,86,71,88,76,70,82,87,76,76,76,84,70,79,81,85,80,76,76,88,75,81,58,88,80,82,78,12,8,6,11,12,,79+3,79+3,79+3,81+0,81+0,81+0,81+0,81+0,82+3,82+3,82+3,82+3,84+3,84+3,84+3,82+3,82+3,83+3,83+3,83+3,82+3,81+3,80+3,80+3,80+3,81+3,19+3,https://cdn.sofifa.net/players/246/104/26_120.png
237238,/player/237238/scott-mctominay/260004/,26,4,9/19/2025,S. McTominay,Scott Francis McTominay,"CM, CAM, LM",85,85,54000000,150000,28,12/8/1996,193,88,31,Serie A,1,48,Napoli,LM,8,,8/30/2024,2029,42,Scotland,1359,CAM,4,Right,3,3,3,,Normal (185+),Yes,91800000,,"Precision Header, Low Driven Shot, Incisive Pass, Aerial Fortress, Technical, Enforcer",76,82,77,80,80,85,66,84,81,84,76,84,69,60,81,85,70,80,55,86,48,86,86,92,82,81,84,81,87,79,60,80,78,81,75,9,6,6,10,11,,83+2,83+2,83+2,80+0,83+0,83+0,83+0,80+0,82+3,82+3,82+3,81+3,84+1,84+1,84+1,81+3,80+3,82+3,82+3,82+3,80+3,80+3,81+3,81+3,81+3,80+3,17+3,https://cdn.sofifa.net/players/237/238/26_120.png
243014,/player/243014/bryan-mbeumo/260004/,26,4,9/19/2025,B. Mbeumo,Bryan Tetsadong Marceau Mbeumo,"RW, RM, ST",85,86,64500000,135000,25,8/7/1999,171,75,13,Premier League,1,11,Manchester United,RW,19,,7/21/2025,2030,103,Cameroon,,,,Left,2,4,3,,Stocky (170-185),Yes,127400000,#Acrobat,"Gamechanger +, Inventive, Rapid, First Touch, Quick Step",88,84,79,84,49,76,84,87,63,80,85,83,84,72,69,84,90,87,90,81,85,83,81,85,71,77,74,52,84,80,85,83,53,41,37,7,14,15,13,14,,81+3,81+3,81+3,84+0,83+0,83+0,83+0,84+0,82+3,82+3,82+3,83+3,77+3,77+3,77+3,83+3,69+3,66+3,66+3,66+3,69+3,66+3,59+3,59+3,59+3,66+3,20+3,https://cdn.sofifa.net/players/243/014/26_120.png
216393,/player/216393/youri-tielemans/260004/,26,4,9/19/2025,Y. Tielemans,Youri Tielemans,"CM, CDM, CAM",85,85,54000000,170000,28,5/7/1997,176,72,13,Premier League,1,2,Aston Villa,CAM,8,,7/1/2023,2027,7,Belgium,,,,Right,4,4,3,,Normal (170-185),Yes,102600000,#Playmaker ,"Pinged Pass +, Power Shot, Incisive Pass, Press Proven",54,79,85,80,75,72,80,77,70,87,83,79,84,78,88,86,51,57,62,85,77,85,68,87,69,76,64,75,77,87,75,88,74,77,80,6,8,10,14,12,,77+3,77+3,77+3,77+0,79+0,79+0,79+0,77+0,80+3,80+3,80+3,79+3,84+1,84+1,84+1,79+3,78+3,81+3,81+3,81+3,78+3,77+3,75+3,75+3,75+3,77+3,18+3,https://cdn.sofifa.net/players/216/393/26_120.png
204963,/player/204963/daniel-carvajal-ramos/260004/,26,4,9/19/2025,Carvajal,Daniel Carvajal Ramos,"RB, RM",85,85,28000000,240000,33,1/11/1992,173,73,53,La Liga,1,243,Real Madrid,SUB,2,,7/5/2013,2026,45,Spain,1362,SUB,2,Right,3,3,4,,Unique,Yes,57400000,,"Whipped Pass, Block, Relentless",80,58,79,81,81,79,84,56,76,84,53,78,77,47,74,84,81,80,78,83,84,68,85,84,74,52,85,81,75,78,45,83,80,84,83,13,13,15,9,15,,72+3,72+3,72+3,77+0,76+0,76+0,76+0,77+0,77+3,77+3,77+3,79+3,79+3,79+3,79+3,79+3,83+2,82+3,82+3,82+3,83+2,82+3,81+3,81+3,81+3,82+3,20+3,https://cdn.sofifa.net/players/204/963/26_120.png
226271,/player/226271/fabian-ruiz-pena/260004/,26,4,9/19/2025,Fabián Ruiz,Fabián Ruiz Peña,"CM, CDM",85,85,52500000,130000,29,4/3/1996,189,70,16,Ligue 1,1,73,Paris Saint-Germain,LCM,8,,8/31/2022,2027,45,Spain,1362,LCM,8,Left,3,3,3,,Lean (185+),Yes,97100000,,"Finesse Shot, Long Ball Pass, Tiki Taka, First Touch",61,77,80,81,75,72,72,76,68,85,67,82,75,61,83,86,61,61,66,85,67,78,70,84,67,82,68,79,84,84,67,82,71,79,75,16,11,7,13,13,,77+3,77+3,77+3,79+0,80+0,80+0,80+0,79+0,81+3,81+3,81+3,79+3,84+1,84+1,84+1,79+3,78+3,80+3,80+3,80+3,78+3,76+3,75+3,75+3,75+3,76+3,21+3,https://cdn.sofifa.net/players/226/271/26_120.png
271421,/player/271421/desire-doue/260004/,26,4,9/19/2025,D. Doué,Désiré Doué,"RW, LW, CM, RM",85,91,83500000,100000,20,6/3/2005,181,79,16,Ligue 1,1,73,Paris Saint-Germain,RW,14,,8/17/2024,2029,18,France,1335,LW,24,Right,4,5,3,,Normal (170-185),Yes,171200000,"#Dribbler, #Acrobat","Trickster +, Gamechanger, Inventive, First Touch, Press Proven, Quick Step",83,80,77,90,55,74,74,78,46,81,68,91,82,68,74,89,85,82,88,85,87,86,75,80,77,83,61,59,81,78,71,89,52,60,52,9,12,7,5,13,,79+3,79+3,79+3,84+0,83+0,83+0,83+0,84+0,83+3,83+3,83+3,83+3,80+3,80+3,80+3,83+3,72+3,70+3,70+3,70+3,72+3,69+3,63+3,63+3,63+3,69+3,18+3,https://cdn.sofifa.net/players/271/421/26_120.png
228093,/player/228093/marcus-thuram/260004/,26,4,9/19/2025,M. Thuram,Marcus Lilian Thuram-Ulien,ST,85,85,58500000,61000,27,8/6/1997,192,80,31,Serie A,1,44,Inter,RS,9,,7/1/2023,2028,18,France,1335,SUB,9,Right,4,3,3,,Normal (185+),Yes,96500000,,"Precision Header, Aerial Fortress, Rapid",86,83,76,82,50,80,76,85,84,80,81,85,73,58,70,81,84,88,78,84,61,84,91,83,79,79,75,50,86,78,70,78,44,48,42,11,13,14,9,15,,84+1,84+1,84+1,82+0,83+0,83+0,83+0,82+0,82+3,82+3,82+3,82+3,77+3,77+3,77+3,82+3,68+3,66+3,66+3,66+3,68+3,66+3,63+3,63+3,63+3,66+3,20+3,https://cdn.sofifa.net/players/228/093/26_120.png
199503,/player/199503/granit-xhaka/260004/,26,4,9/19/2025,G. Xhaka,Granit Xhaka,"CDM, CM",85,85,36000000,105000,32,9/27/1992,186,80,13,Premier League,1,106,Sunderland,CDM,34,,7/30/2025,2028,47,Switzerland,,,,Left,3,3,3,,Normal (185+),Yes,68400000,,"Long Ball Pass +, Finesse Shot, Power Shot, Incisive Pass, Aerial Fortress, Bruiser",47,75,85,74,78,82,77,67,72,89,55,73,80,78,90,82,40,53,51,86,61,89,70,84,78,84,90,77,76,85,65,84,80,79,75,7,8,11,7,13,,74+3,74+3,74+3,74+0,76+0,76+0,76+0,74+0,78+3,78+3,78+3,76+3,83+2,83+2,83+2,76+3,77+3,83+2,83+2,83+2,77+3,76+3,79+3,79+3,79+3,76+3,17+3,https://cdn.sofifa.net/players/199/503/26_120.png
200104,/player/200104/heung-min-son/260004/,26,4,9/19/2025,H. Son,Heung-min Son손흥민 孙兴慜,"LW, ST, LM",85,85,43000000,21000,32,7/8/1992,183,78,39,Major League Soccer,1,112996,Los Angeles FC,ST,7,,8/6/2025,2027,167,Korea Republic,,,,Right,5,4,3,,Unique,Yes,64500000,,"Finesse Shot +, Low Driven Shot, Gamechanger, Whipped Pass, First Touch",84,84,81,83,42,73,81,84,72,83,83,84,87,74,72,85,85,83,79,85,74,88,82,87,69,81,62,39,85,83,75,86,45,34,33,11,13,13,6,10,,83+2,83+2,83+2,84+0,84+0,84+0,84+0,84+0,83+2,83+2,83+2,83+2,78+3,78+3,78+3,83+2,66+3,63+3,63+3,63+3,66+3,62+3,55+3,55+3,55+3,62+3,18+3,https://cdn.sofifa.net/players/200/104/26_120.png
215914,/player/215914/ngolo-kante/260004/,26,4,9/19/2025,N. Kanté,N'Golo Kanté,"CDM, CM",85,85,18500000,74000,34,3/29/1991,168,70,350,Pro League,1,607,Al Ittihad,RDM,7,,7/1/2023,2026,18,France,,,,Right,3,2,3,,Unique,Yes,29600000,"#Tackling , #Tactician ","Intercept +, Press Proven, Relentless",77,65,73,80,85,79,68,64,54,79,56,78,49,49,77,80,80,74,78,85,93,71,74,89,72,65,85,88,72,75,54,82,88,90,85,15,12,10,7,10,,71+3,71+3,71+3,75+0,75+0,75+0,75+0,75+0,76+3,76+3,76+3,77+3,79+3,79+3,79+3,77+3,82+3,83+2,83+2,83+2,82+3,82+3,81+3,81+3,81+3,82+3,19+3,https://cdn.sofifa.net/players/215/914/26_120.png
241084,/player/241084/luis-diaz/260004/,26,4,9/19/2025,L. Díaz,Luis Fernando Díaz Marulanda,"LM, LW, ST",85,85,54500000,100000,28,1/13/1997,180,73,19,Bundesliga,1,21,FC Bayern München,LM,14,,7/30/2025,2029,56,Colombia,,,,Right,4,4,3,,Unique,Yes,89900000,"#Dribbler, #Acrobat","Low Driven Shot, Inventive, Technical, Quick Step",88,81,76,87,45,75,76,83,71,77,81,89,77,58,72,87,88,88,88,83,79,85,83,87,69,75,75,38,84,79,63,82,41,47,38,10,13,13,14,14,,82+3,82+3,82+3,84+0,84+0,84+0,84+0,84+0,83+2,83+2,83+2,83+2,77+3,77+3,77+3,83+2,67+3,64+3,64+3,64+3,67+3,64+3,57+3,57+3,57+3,64+3,20+3,https://cdn.sofifa.net/players/241/084/26_120.png
237692,/player/237692/phil-foden/260004/,26,4,9/19/2025,P. Foden,Philip Walter Foden,"RW, CM, LW, RM",85,88,71500000,180000,25,5/28/2000,171,70,13,Premier League,1,10,Manchester City,SUB,47,,12/6/2016,2027,14,England,1318,RW,7,Left,3,4,3,,Unique,Yes,137600000,"#Dribbler, #Acrobat","Low Driven Shot, Gamechanger, Inventive, Technical, First Touch",81,81,82,89,57,57,80,82,47,82,59,89,88,74,81,89,83,79,92,82,92,89,59,83,41,81,64,59,83,83,64,85,60,59,47,8,15,6,10,13,,78+3,78+3,78+3,84+0,84+0,84+0,84+0,84+0,84+3,84+3,84+3,84+3,81+3,81+3,81+3,84+3,73+3,70+3,70+3,70+3,73+3,69+3,59+3,59+3,59+3,69+3,19+3,https://cdn.sofifa.net/players/237/692/26_120.png
247819,/player/247819/nico-schlotterbeck/260004/,26,4,9/19/2025,N. Schlotterbeck,Nico Cedric Schlotterbeck,CB,85,88,63500000,72000,25,12/1/1999,191,86,19,Bundesliga,1,22,Borussia Dortmund,RES,4,,7/1/2022,2027,21,Germany,,,,Left,2,2,3,,Normal (185+),Yes,112700000,#Tackling ,"Slide Tackle +, Long Ball Pass, Jockey, Block, Anticipate, Long Throw",74,60,75,73,85,82,70,51,84,78,56,74,67,55,86,71,77,72,68,84,64,81,91,74,85,67,84,83,58,72,38,78,85,87,87,8,10,8,14,13,,70+3,70+3,70+3,70+0,70+0,70+0,70+0,70+0,72+3,72+3,72+3,72+3,76+3,76+3,76+3,72+3,79+3,81+3,81+3,81+3,79+3,80+3,84+3,84+3,84+3,80+3,19+3,https://cdn.sofifa.net/players/247/819/26_120.png
20801,/player/20801/c-ronaldo-dos-santos-aveiro/260004/,26,4,9/19/2025,Cristiano Ronaldo,Cristiano Ronaldo dos Santos Aveiro,ST,85,85,0,58000,40,2/5/1985,187,85,350,Pro League,1,112139,Al Nassr,ST,7,,1/1/2023,2027,38,Portugal,1354,ST,7,Right,4,5,3,,Unique,Yes,,"#Distance shooter, #Clinical finisher","Power Shot +, Precision Header, Acrobatic, Low Driven Shot, Gamechanger, Aerial Fortress, Trickster",76,88,76,80,34,76,78,88,87,76,84,77,79,81,70,85,73,78,76,82,63,91,95,77,80,84,62,29,89,76,91,91,24,32,24,7,11,15,14,11,,84+1,84+1,84+1,81+0,82+0,82+0,82+0,81+0,80+3,80+3,80+3,79+3,74+3,74+3,74+3,79+3,59+3,57+3,57+3,57+3,59+3,56+3,52+3,52+3,52+3,56+3,19+3,https://cdn.sofifa.net/players/020/801/26_120.png
165153,/player/165153/karim-benzema/260004/,26,4,9/19/2025,K. Benzema,Karim Benzemaكريم بن زيما,"ST, CAM",85,85,18500000,64000,37,12/19/1987,185,81,350,Pro League,1,607,Al Ittihad,ST,9,,7/1/2023,2026,18,France,,,,Right,4,4,4,,Normal (170-185),Yes,29600000,"#Playmaker , #Clinical finisher, #Complete midfielder","Low Driven Shot +, Finesse Shot, Gamechanger, Incisive Pass, First Touch, Relentless",75,84,81,83,38,77,75,86,86,86,87,84,82,73,76,86,74,76,77,84,72,85,83,78,81,80,63,39,88,86,68,84,43,24,18,13,11,5,5,7,,84+1,84+1,84+1,83+0,84+0,84+0,84+0,83+0,84+1,84+1,84+1,82+3,78+3,78+3,78+3,82+3,61+3,62+3,62+3,62+3,61+3,57+3,54+3,54+3,54+3,57+3,17+3,https://cdn.sofifa.net/players/165/153/26_120.png
244260,/player/244260/daniel-olmo-carvajal/260004/,26,4,9/19/2025,Dani Olmo,Daniel Olmo Carvajal,"CAM, CM, ST",85,86,62000000,140000,27,5/7/1998,179,72,53,La Liga,1,241,FC Barcelona,SUB,20,,7/1/2024,2030,45,Spain,1362,SUB,10,Right,4,4,3,,Lean (170-185),Yes,131800000,"#Dribbler, #Playmaker , #Acrobat, #Complete midfielder","Finesse Shot, Gamechanger, Incisive Pass, Tiki Taka, Technical, First Touch",73,79,83,87,50,56,78,80,43,87,80,87,75,75,81,87,78,69,86,86,87,79,60,65,54,80,51,57,83,86,66,82,50,50,44,15,15,13,12,11,,77+3,77+3,77+3,83+0,83+0,83+0,83+0,83+0,84+2,84+2,84+2,82+3,81+3,81+3,81+3,82+3,68+3,68+3,68+3,68+3,68+3,64+3,56+3,56+3,56+3,64+3,21+3,https://cdn.sofifa.net/players/244/260/26_120.png
204525,/player/204525/inigo-martinez-berridi/260004/,26,4,9/19/2025,Iñigo Martínez,Íñigo Martínez Berridi,CB,85,85,17500000,74000,34,5/17/1991,182,76,350,Pro League,1,112139,Al Nassr,LCB,26,,8/10/2025,2026,45,Spain,,,,Left,3,2,3,,Normal (170-185),Yes,28000000,"#Tackling , #Tactician ","Long Ball Pass, Slide Tackle",71,57,72,68,85,80,53,42,83,83,41,60,72,71,83,78,70,72,66,84,60,82,87,69,82,74,89,86,52,65,39,76,84,87,85,12,16,11,13,11,,67+3,67+3,67+3,66+0,68+0,68+0,68+0,66+0,69+3,69+3,69+3,68+3,75+3,75+3,75+3,68+3,77+3,82+3,82+3,82+3,77+3,79+3,84+1,84+1,84+1,79+3,21+3,https://cdn.sofifa.net/players/204/525/26_120.png
243812,/player/243812/rodrygo-silva-de-goes/260004/,26,4,9/19/2025,Rodrygo,Rodrygo Silva de Goes,"RW, ST, RM",85,90,81500000,220000,24,1/9/2001,174,64,53,La Liga,1,243,Real Madrid,SUB,11,,7/1/2019,2028,54,Brazil,,,,Right,4,4,4,,Lean (170-185),Yes,173200000,"#Dribbler, #Acrobat","Finesse Shot, Dead Ball, Gamechanger, Inventive, Technical",88,80,79,87,31,64,79,83,67,79,67,88,82,77,73,87,89,87,86,83,84,76,77,81,59,77,52,21,83,84,82,85,24,34,30,9,8,12,8,5,,80+3,80+3,80+3,84+0,84+0,84+0,84+0,84+0,84+3,84+3,84+3,84+3,76+3,76+3,76+3,84+3,62+3,57+3,57+3,57+3,62+3,57+3,47+3,47+3,47+3,57+3,16+3,https://cdn.sofifa.net/players/243/812/26_120.png
234236,/player/234236/patrik-schick/260004/,26,4,9/19/2025,P. Schick,Patrik Schick,ST,85,85,54000000,135000,29,1/24/1996,191,87,19,Bundesliga,1,32,Bayer 04 Leverkusen,ST,14,,9/8/2020,2030,12,Czechia,1330,SUB,10,Left,3,3,3,,Normal (185+),Yes,91800000,,"Precision Header, Acrobatic, Low Driven Shot",72,83,71,81,38,77,64,86,88,78,84,81,78,56,64,83,72,72,80,85,67,85,91,69,85,78,65,25,87,75,61,85,44,29,19,11,15,8,9,14,,84+1,84+1,84+1,79+0,82+0,82+0,82+0,79+0,80+3,80+3,80+3,77+3,72+3,72+3,72+3,77+3,57+3,57+3,57+3,57+3,57+3,54+3,54+3,54+3,54+3,54+3,20+3,https://cdn.sofifa.net/players/234/236/26_120.png
229558,/player/229558/dayot-upamecano/260004/,26,4,9/19/2025,D. Upamecano,Dayotchanculle Oswald Upamecano,CB,85,88,62500000,95000,26,10/27/1998,186,90,19,Bundesliga,1,21,FC Bayern München,RCB,2,,7/5/2021,2026,18,France,1335,SUB,4,Right,3,3,3,,Stocky (185+),Yes,107800000,"#Tactician , #Strength","Pinged Pass, Long Ball Pass, Jockey, Bruiser",77,45,64,73,84,84,48,39,83,79,33,72,36,28,78,76,76,78,66,84,65,64,85,73,87,42,88,86,47,58,39,74,84,84,82,6,7,8,15,9,,64+3,64+3,64+3,65+0,65+0,65+0,65+0,65+0,67+3,67+3,67+3,68+3,72+3,72+3,72+3,68+3,76+3,81+3,81+3,81+3,76+3,78+3,84+3,84+3,84+3,78+3,17+3,https://cdn.sofifa.net/players/229/558/26_120.png
239580,/player/239580/gleison-bremer-silva-nascimento/260004/,26,4,9/19/2025,Bremer,Gleison Bremer Silva Nascimento,CB,85,86,51000000,170000,28,3/18/1997,187,84,31,Serie A,1,45,Juventus,CB,3,,7/20/2022,2029,54,Brazil,,,,Right,2,2,4,,Stocky (185+),Yes,90500000,,"Precision Header, Long Ball Pass, Block, Aerial Fortress, Bruiser",82,50,58,66,86,80,46,49,87,75,38,62,42,24,69,68,78,86,65,78,63,68,92,65,84,39,84,84,58,45,43,78,87,87,84,13,15,13,5,6,,67+3,67+3,67+3,63+0,64+0,64+0,64+0,63+0,63+3,63+3,63+3,65+3,66+3,66+3,66+3,65+3,74+3,77+3,77+3,77+3,74+3,77+3,84+2,84+2,84+2,77+3,17+3,https://cdn.sofifa.net/players/239/580/26_120.png
210257,/player/210257/ederson-santana-de-moraes/260004/,26,4,9/19/2025,Ederson,Ederson Santana de Moraes,GK,85,85,28500000,57000,31,8/17/1993,188,86,68,Süper Lig,1,326,Fenerbahçe SK,GK,31,,9/2/2025,2028,54,Brazil,,,,Left,3,1,3,,Unique,Yes,54200000,,"Long Ball Pass +, Pinged Pass, Cross Claimer",,,,,,,20,14,14,65,18,30,39,20,68,45,64,63,60,82,48,68,78,44,78,18,38,27,20,70,65,70,29,15,8,83,82,91,83,83,64,40+3,40+3,40+3,43+0,45+0,45+0,45+0,43+0,49+3,49+3,49+3,46+3,51+3,51+3,51+3,46+3,38+3,45+3,45+3,45+3,38+3,36+3,36+3,36+3,36+3,36+3,83+2,https://cdn.sofifa.net/players/210/257/26_120.png
202811,/player/202811/emiliano-martinez/260004/,26,4,9/19/2025,E. Martínez,Damián Emiliano Martínez Romero,GK,85,85,26500000,105000,32,9/2/1992,195,88,13,Premier League,1,2,Aston Villa,GK,23,,9/16/2020,2029,52,Argentina,1369,GK,23,Right,4,1,3,,Stocky (185+),Yes,50400000,,"Footwork, Rush Out",,,,,,,22,16,26,61,13,24,22,20,59,43,55,57,54,81,49,62,79,40,78,16,40,21,12,67,43,69,25,20,20,83,82,82,85,85,56,38+3,38+3,38+3,39+0,41+0,41+0,41+0,39+0,45+3,45+3,45+3,43+3,47+3,47+3,47+3,43+3,37+3,43+3,43+3,43+3,37+3,36+3,37+3,37+3,37+3,36+3,83+2,https://cdn.sofifa.net/players/202/811/26_120.png
230869,/player/230869/unai-simon-mendibil/260004/,26,4,9/19/2025,Unai Simón,Unai Simón Mendibil,GK,85,86,43000000,48000,28,6/11/1997,190,89,53,La Liga,1,448,Athletic Club,GK,1,,8/25/2015,2029,45,Spain,1362,GK,23,Right,3,1,3,,Normal (185+),Yes,93500000,,"Pinged Pass, Footwork, Rush Out",,,,,,,16,14,18,38,17,12,20,14,34,16,48,50,37,82,47,57,74,44,76,13,29,26,14,48,24,40,11,18,12,84,80,76,84,85,49,32+3,32+3,32+3,28+0,31+0,31+0,31+0,28+0,31+3,31+3,31+3,31+3,33+3,33+3,33+3,31+3,30+3,33+3,33+3,33+3,30+3,30+3,30+3,30+3,30+3,30+3,83+3,https://cdn.sofifa.net/players/230/869/26_120.png
185122,/player/185122/peter-gulacsi/260004/,26,4,9/19/2025,P. Gulácsi,Péter Gulácsi,GK,85,85,6000000,35000,35,5/6/1990,193,86,19,Bundesliga,1,112172,RB Leipzig,GK,1,,7/1/2015,2026,23,Hungary,,,,Right,2,1,3,,Normal (185+),Yes,10200000,,Footwork,,,,,,,16,10,23,35,10,19,18,11,31,25,42,44,41,82,42,56,72,37,74,12,34,23,11,44,24,45,25,16,20,83,83,74,87,84,43,31+3,31+3,31+3,29+0,31+0,31+0,31+0,29+0,31+3,31+3,31+3,31+3,33+3,33+3,33+3,31+3,31+3,33+3,33+3,33+3,31+3,31+3,33+3,33+3,33+3,31+3,83+2,https://cdn.sofifa.net/players/185/122/26_120.png
193080,/player/193080/david-de-gea-quintana/260004/,26,4,9/19/2025,De Gea,David de Gea Quintana,GK,85,85,9000000,55000,34,11/7/1990,192,76,31,Serie A,1,110374,Fiorentina,GK,43,,8/9/2024,2028,45,Spain,,,,Right,2,1,3,,Unique,Yes,15300000,,"Far Throw, Footwork",,,,,,,17,13,18,40,13,18,21,19,39,32,47,45,60,85,40,53,57,30,38,12,15,21,9,45,29,45,15,20,15,85,78,71,84,87,46,31+3,31+3,31+3,32+0,33+0,33+0,33+0,32+0,35+3,35+3,35+3,33+3,35+3,35+3,35+3,33+3,31+3,32+3,32+3,32+3,31+3,30+3,27+3,27+3,27+3,30+3,83+2,https://cdn.sofifa.net/players/193/080/26_120.png
232656,/player/232656/theo-hernandez/260004/,26,4,9/19/2025,T. Hernández,Theo Bernard François Hernández,"LB, LM",84,85,44500000,65000,27,10/6/1997,184,81,350,Pro League,1,605,Al Hilal,LB,19,,7/10/2025,2028,18,France,1335,LB,22,Left,3,4,3,,Unique,Yes,74500000,#Speedster,"Dead Ball, Block, Anticipate, Rapid, Quick Step, Bruiser",90,76,78,83,79,83,84,71,76,81,80,83,80,74,70,84,88,92,83,83,71,86,90,87,80,74,83,78,80,75,74,80,76,84,76,12,10,7,7,7,,80+3,80+3,80+3,82+0,81+0,81+0,81+0,82+0,80+3,80+3,80+3,82+3,79+3,79+3,79+3,82+3,82+3,80+3,80+3,80+3,82+3,82+3,80+3,80+3,80+3,82+3,17+3,https://cdn.sofifa.net/players/232/656/26_120.png
244675,/player/244675/oihan-sancet-tirapu/260004/,26,4,9/19/2025,Sancet,Oihan Sancet Tirapu,"CAM, CM, ST",84,88,58500000,66000,25,4/25/2000,188,77,53,La Liga,1,448,Athletic Club,CAM,8,,7/1/2017,2032,45,Spain,,,,Right,4,4,3,,Lean (185+),Yes,127200000,,"Finesse Shot, Precision Header, Technical, First Touch",76,83,80,85,70,82,75,85,82,84,79,85,82,63,80,85,74,77,84,84,79,83,88,86,80,81,80,71,85,84,77,85,67,70,60,15,11,6,15,7,,83+3,83+3,83+3,82+0,83+0,83+0,83+0,82+0,84+3,84+3,84+3,82+3,82+3,82+3,82+3,82+3,76+3,77+3,77+3,77+3,76+3,75+3,74+3,74+3,74+3,75+3,20+3,https://cdn.sofifa.net/players/244/675/26_120.png
212616,/player/212616/rodrigo-de-paul/260004/,26,4,9/19/2025,R. De Paul,Rodrigo Javier de Paul,"CM, CDM, CAM",84,84,34500000,100000,31,5/24/1994,180,70,39,Major League Soccer,1,112893,Inter Miami,SUB,7,Atlético Madrid,,2026,52,Argentina,1369,RCM,7,Right,3,4,3,,Normal (170-185),Yes,,,"Finesse Shot, Incisive Pass, Long Ball Pass, Technical",75,78,83,83,76,83,78,75,58,85,71,84,84,76,84,85,74,76,77,81,78,82,76,88,79,83,86,80,79,85,66,81,76,80,75,13,12,10,7,14,,78+3,78+3,78+3,81+0,81+0,81+0,81+0,81+0,82+2,82+2,82+2,82+2,84+0,84+0,84+0,82+2,80+3,82+2,82+2,82+2,80+3,79+3,77+3,77+3,77+3,79+3,19+3,https://cdn.sofifa.net/players/212/616/26_120.png
226161,/player/226161/marcos-llorente-moreno/260004/,26,4,9/19/2025,Marcos Llorente,Marcos Llorente Moreno,"RB, CM, RM",84,84,36500000,95000,30,1/30/1995,184,74,53,La Liga,1,240,Atlético Madrid,RB,14,,7/1/2019,2027,45,Spain,,,,Right,4,3,3,,Lean (170-185),Yes,76700000,,"Power Shot, Whipped Pass, Rapid, Quick Step, Relentless",89,79,78,81,78,82,76,80,67,81,66,81,78,63,80,82,87,91,83,81,74,84,84,92,77,79,80,80,79,79,65,79,77,82,74,13,6,6,11,15,,80+3,80+3,80+3,81+0,81+0,81+0,81+0,81+0,81+3,81+3,81+3,82+2,81+3,81+3,81+3,82+2,81+3,81+3,81+3,81+3,81+3,81+3,78+3,78+3,78+3,81+3,19+3,https://cdn.sofifa.net/players/226/161/26_120.png
210514,/player/210514/joao-pedro-cavaco-cancelo/260004/,26,4,9/19/2025,João Cancelo,João Pedro Cavaco Cancelo,"RB, LB, RM",84,84,30500000,68000,31,5/27/1994,182,74,350,Pro League,1,605,Al Hilal,RB,20,,8/27/2024,2027,38,Portugal,1354,SUB,24,Right,4,4,3,,Unique,Yes,48800000,#Crosser,"Whipped Pass, Inventive, Block, Technical, First Touch",83,73,84,84,78,74,86,69,72,86,62,85,87,69,79,86,88,78,79,84,78,80,82,88,65,79,76,79,81,85,52,85,75,81,77,6,9,15,14,14,,78+3,78+3,78+3,83+0,82+0,82+0,82+0,83+0,83+1,83+1,83+1,84+0,83+1,83+1,83+1,84+0,83+1,81+3,81+3,81+3,83+1,81+3,77+3,77+3,77+3,81+3,19+3,https://cdn.sofifa.net/players/210/514/26_120.png
