State,District,Median Income,College%
Alabama,"Congressional District 1 (119th Congress), Alabama",49319,17.5
Alabama,"Congressional District 2 (119th Congress), Alabama",42547,16.4
Alabama,"Congressional District 3 (119th Congress), Alabama",46640,14.4
Alabama,"Congressional District 4 (119th Congress), Alabama",45846,13.7
Alabama,"Congressional District 5 (119th Congress), Alabama",52480,22.4
Alabama,"Congressional District 6 (119th Congress), Alabama",56438,25.3
Alabama,"Congressional District 7 (119th Congress), Alabama",43316,16.1
Alaska,"Congressional District (at Large) (119th Congress), Alaska",57273,19.6
Arizona,"Congressional District 1 (119th Congress), Arizona",66283,32.7
Arizona,"Congressional District 2 (119th Congress), Arizona",47248,16.9
Arizona,"Congressional District 3 (119th Congress), Arizona",44208,13.7
Arizona,"Congressional District 4 (119th Congress), Arizona",54398,25.5
Arizona,"Congressional District 5 (119th Congress), Arizona",66254,25.6
Arizona,"Congressional District 6 (119th Congress), Arizona",51554,22.1
Arizona,"Congressional District 7 (119th Congress), Arizona",41430,13.2
Arizona,"Congressional District 8 (119th Congress), Arizona",52131,22.4
Arizona,"Congressional District 9 (119th Congress), Arizona",51412,14.4
Arkansas,"Congressional District 1 (119th Congress), Arkansas",41513,12.8
Arkansas,"Congressional District 2 (119th Congress), Arkansas",50924,21.8
Arkansas,"Congressional District 3 (119th Congress), Arkansas",50212,20.5
Arkansas,"Congressional District 4 (119th Congress), Arkansas",41077,13.1
California,"Congressional District 1 (119th Congress), California",46834,16.2
California,"Congressional District 2 (119th Congress), California",59411,26.5
California,"Congressional District 3 (119th Congress), California",68925,27.4
California,"Congressional District 4 (119th Congress), California",61225,22.8
California,"Congressional District 5 (119th Congress), California",60690,20.1
California,"Congressional District 6 (119th Congress), California",55191,21.6
California,"Congressional District 7 (119th Congress), California",56594,23.9
California,"Congressional District 8 (119th Congress), California",55685,20.6
California,"Congressional District 9 (119th Congress), California",52047,16.9
California,"Congressional District 10 (119th Congress), California",88244,32.2
California,"Congressional District 11 (119th Congress), California",101122,36.1
California,"Congressional District 12 (119th Congress), California",70648,29.4
California,"Congressional District 13 (119th Congress), California",40627,10.1
California,"Congressional District 14 (119th Congress), California",76043,29.2
California,"Congressional District 15 (119th Congress), California",76517,30
California,"Congressional District 16 (119th Congress), California",100572,29.5
California,"Congressional District 17 (119th Congress), California",104166,29
California,"Congressional District 18 (119th Congress), California",50268,17.2
California,"Congressional District 19 (119th Congress), California",70502,26.8
California,"Congressional District 20 (119th Congress), California",59035,19.4
California,"Congressional District 21 (119th Congress), California",40378,11.8
California,"Congressional District 22 (119th Congress), California",37764,7.7
California,"Congressional District 23 (119th Congress), California",49592,13
California,"Congressional District 24 (119th Congress), California",57312,23.4
California,"Congressional District 25 (119th Congress), California",43052,12.3
California,"Congressional District 26 (119th Congress), California",58310,23.6
California,"Congressional District 27 (119th Congress), California",56302,20.5
California,"Congressional District 28 (119th Congress), California",62285,27.9
California,"Congressional District 29 (119th Congress), California",41883,19.5
California,"Congressional District 30 (119th Congress), California",61942,36.7
California,"Congressional District 31 (119th Congress), California",46708,18.2
California,"Congressional District 32 (119th Congress), California",64245,33
California,"Congressional District 33 (119th Congress), California",47070,14.2
California,"Congressional District 34 (119th Congress), California",40915,20.8
California,"Congressional District 35 (119th Congress), California",48969,16.9
California,"Congressional District 36 (119th Congress), California",88946,38.9
California,"Congressional District 37 (119th Congress), California",41244,19.1
California,"Congressional District 38 (119th Congress), California",53325,20.1
California,"Congressional District 39 (119th Congress), California",46696,12.5
California,"Congressional District 40 (119th Congress), California",72210,31.9
California,"Congressional District 41 (119th Congress), California",57678,21.2
California,"Congressional District 42 (119th Congress), California",47152,17.7
California,"Congressional District 43 (119th Congress), California",42091,15.3
California,"Congressional District 44 (119th Congress), California",47412,16.8
California,"Congressional District 45 (119th Congress), California",55688,25.3
California,"Congressional District 46 (119th Congress), California",44779,16.8
California,"Congressional District 47 (119th Congress), California",80159,36.8
California,"Congressional District 48 (119th Congress), California",61981,22.6
California,"Congressional District 49 (119th Congress), California",65867,30
California,"Congressional District 50 (119th Congress), California",80638,34.4
California,"Congressional District 51 (119th Congress), California",65588,29.9
California,"Congressional District 52 (119th Congress), California",47253,17.7
Colorado,"Congressional District 1 (119th Congress), Colorado",70393,34.4
Colorado,"Congressional District 2 (119th Congress), Colorado",65752,35.5
Colorado,"Congressional District 3 (119th Congress), Colorado",50561,22.6
Colorado,"Congressional District 4 (119th Congress), Colorado",71538,31.6
Colorado,"Congressional District 5 (119th Congress), Colorado",57600,25.4
Colorado,"Congressional District 6 (119th Congress), Colorado",61755,29.5
Colorado,"Congressional District 7 (119th Congress), Colorado",70641,32.3
Colorado,"Congressional District 8 (119th Congress), Colorado",59509,20.5
Connecticut,"Congressional District 1 (119th Congress), Connecticut",60345,21.2
Connecticut,"Congressional District 2 (119th Congress), Connecticut",62197,22.2
Connecticut,"Congressional District 3 (119th Congress), Connecticut",62499,21.4
Connecticut,"Congressional District 4 (119th Congress), Connecticut",70906,29.6
Connecticut,"Congressional District 5 (119th Congress), Connecticut",60614,22.1
Delaware,"Congressional District (at Large) (119th Congress), Delaware",51993,20
DistrictofColumbia,"Delegate District (at Large) (119th Congress), District of Columbia",91315,27.1
Florida,"Congressional District 1 (119th Congress), Florida",47404,19.5
Florida,"Congressional District 2 (119th Congress), Florida",46705,19
Florida,"Congressional District 3 (119th Congress), Florida",45931,17.9
Florida,"Congressional District 4 (119th Congress), Florida",46892,17.9
Florida,"Congressional District 5 (119th Congress), Florida",58202,31.8
Florida,"Congressional District 6 (119th Congress), Florida",42574,16.7
Florida,"Congressional District 7 (119th Congress), Florida",50985,24.6
Florida,"Congressional District 8 (119th Congress), Florida",48819,21.4
Florida,"Congressional District 9 (119th Congress), Florida",45941,25.7
Florida,"Congressional District 10 (119th Congress), Florida",44351,24.2
Florida,"Congressional District 11 (119th Congress), Florida",52138,23.7
Florida,"Congressional District 12 (119th Congress), Florida",46451,16.2
Florida,"Congressional District 13 (119th Congress), Florida",50156,22.8
Florida,"Congressional District 14 (119th Congress), Florida",52585,25.8
Florida,"Congressional District 15 (119th Congress), Florida",49709,21.8
Florida,"Congressional District 16 (119th Congress), Florida",52426,23.1
Florida,"Congressional District 17 (119th Congress), Florida",45833,21
Florida,"Congressional District 18 (119th Congress), Florida",44176,14.5
Florida,"Congressional District 19 (119th Congress), Florida",50330,23.6
Florida,"Congressional District 20 (119th Congress), Florida",42231,17.6
Florida,"Congressional District 21 (119th Congress), Florida",50379,23.3
Florida,"Congressional District 22 (119th Congress), Florida",50046,24.7
Florida,"Congressional District 23 (119th Congress), Florida",56269,26.6
Florida,"Congressional District 24 (119th Congress), Florida",41912,19
Florida,"Congressional District 25 (119th Congress), Florida",51163,25.5
Florida,"Congressional District 26 (119th Congress), Florida",42046,21
Florida,"Congressional District 27 (119th Congress), Florida",50501,27.7
Florida,"Congressional District 28 (119th Congress), Florida",45054,23.7
Georgia,"Congressional District 1 (119th Congress), Georgia",46998,18.8
Georgia,"Congressional District 2 (119th Congress), Georgia",40940,12.2
Georgia,"Congressional District 3 (119th Congress), Georgia",51852,19.5
Georgia,"Congressional District 4 (119th Congress), Georgia",46501,24.3
Georgia,"Congressional District 5 (119th Congress), Georgia",59986,28.2
Georgia,"Congressional District 6 (119th Congress), Georgia",61625,29.1
Georgia,"Congressional District 7 (119th Congress), Georgia",80310,36.4
Georgia,"Congressional District 8 (119th Congress), Georgia",44757,13.7
Georgia,"Congressional District 9 (119th Congress), Georgia",50090,22.1
Georgia,"Congressional District 10 (119th Congress), Georgia",50875,17.2
Georgia,"Congressional District 11 (119th Congress), Georgia",60214,26.5
Georgia,"Congressional District 12 (119th Congress), Georgia",46332,14.3
Georgia,"Congressional District 13 (119th Congress), Georgia",49584,20.5
Georgia,"Congressional District 14 (119th Congress), Georgia",50046,17.5
Hawaii,"Congressional District 1 (119th Congress), Hawaii",55735,27.1
Hawaii,"Congressional District 2 (119th Congress), Hawaii",51290,20.6
Idaho,"Congressional District 1 (119th Congress), Idaho",50461,20.7
Idaho,"Congressional District 2 (119th Congress), Idaho",50067,23.1
Illinois,"Congressional District 1 (119th Congress), Illinois",51628,18.6
Illinois,"Congressional District 2 (119th Congress), Illinois",47073,14.9
Illinois,"Congressional District 3 (119th Congress), Illinois",52733,25.2
Illinois,"Congressional District 4 (119th Congress), Illinois",45861,15.9
Illinois,"Congressional District 5 (119th Congress), Illinois",79045,38.8
Illinois,"Congressional District 6 (119th Congress), Illinois",62164,26.2
Illinois,"Congressional District 7 (119th Congress), Illinois",68113,28.9
Illinois,"Congressional District 8 (119th Congress), Illinois",58074,25.9
Illinois,"Congressional District 9 (119th Congress), Illinois",64630,31.9
Illinois,"Congressional District 10 (119th Congress), Illinois",62205,27.1
Illinois,"Congressional District 11 (119th Congress), Illinois",62237,28.7
Illinois,"Congressional District 12 (119th Congress), Illinois",50346,15.2
Illinois,"Congressional District 13 (119th Congress), Illinois",51298,19.1
Illinois,"Congressional District 14 (119th Congress), Illinois",57577,22.2
Illinois,"Congressional District 15 (119th Congress), Illinois",51566,17.5
Illinois,"Congressional District 16 (119th Congress), Illinois",53586,20.6
Illinois,"Congressional District 17 (119th Congress), Illinois",45460,16.9
Indiana,"Congressional District 1 (119th Congress), Indiana",52411,19.3
Indiana,"Congressional District 2 (119th Congress), Indiana",47322,15.9
Indiana,"Congressional District 3 (119th Congress), Indiana",48891,18.4
Indiana,"Congressional District 4 (119th Congress), Indiana",51502,19.8
Indiana,"Congressional District 5 (119th Congress), Indiana",57145,25.4
Indiana,"Congressional District 6 (119th Congress), Indiana",51748,19.9
Indiana,"Congressional District 7 (119th Congress), Indiana",48450,22.6
Indiana,"Congressional District 8 (119th Congress), Indiana",47321,16.5
Indiana,"Congressional District 9 (119th Congress), Indiana",50553,17.2
Iowa,"Congressional District 1 (119th Congress), Iowa",51005,20.2
Iowa,"Congressional District 2 (119th Congress), Iowa",50894,19.9
Iowa,"Congressional District 3 (119th Congress), Iowa",53792,26
Iowa,"Congressional District 4 (119th Congress), Iowa",50191,18.1
Kansas,"Congressional District 1 (119th Congress), Kansas",46730,18.9
Kansas,"Congressional District 2 (119th Congress), Kansas",46669,16.8
Kansas,"Congressional District 3 (119th Congress), Kansas",65213,33.1
Kansas,"Congressional District 4 (119th Congress), Kansas",50506,20.1
Kentucky,"Congressional District 1 (119th Congress), Kentucky",43070,12.6
Kentucky,"Congressional District 2 (119th Congress), Kentucky",47356,14.1
Kentucky,"Congressional District 3 (119th Congress), Kentucky",48330,21.1
Kentucky,"Congressional District 4 (119th Congress), Kentucky",54001,18.8
Kentucky,"Congressional District 5 (119th Congress), Kentucky",40567,8.2
Kentucky,"Congressional District 6 (119th Congress), Kentucky",50781,22
Louisiana,"Congressional District 1 (119th Congress), Louisiana",55376,23.4
Louisiana,"Congressional District 2 (119th Congress), Louisiana",44254,16.4
Louisiana,"Congressional District 3 (119th Congress), Louisiana",45119,16.7
Louisiana,"Congressional District 4 (119th Congress), Louisiana",46503,15
Louisiana,"Congressional District 5 (119th Congress), Louisiana",45800,17.4
Louisiana,"Congressional District 6 (119th Congress), Louisiana",40691,14.3
Maine,"Congressional District 1 (119th Congress), Maine",56835,27
Maine,"Congressional District 2 (119th Congress), Maine",47861,17.8
Maryland,"Congressional District 1 (119th Congress), Maryland",61509,22
Maryland,"Congressional District 2 (119th Congress), Maryland",63044,25.8
Maryland,"Congressional District 3 (119th Congress), Maryland",76748,26.9
Maryland,"Congressional District 4 (119th Congress), Maryland",52400,19.4
Maryland,"Congressional District 5 (119th Congress), Maryland",79133,23
Maryland,"Congressional District 6 (119th Congress), Maryland",63111,23.2
Maryland,"Congressional District 7 (119th Congress), Maryland",52479,17.7
Maryland,"Congressional District 8 (119th Congress), Maryland",81253,27
Massachusetts,"Congressional District 1 (119th Congress), Massachusetts",55892,19.1
Massachusetts,"Congressional District 2 (119th Congress), Massachusetts",64033,25.3
Massachusetts,"Congressional District 3 (119th Congress), Massachusetts",61010,22.5
Massachusetts,"Congressional District 4 (119th Congress), Massachusetts",70913,26
Massachusetts,"Congressional District 5 (119th Congress), Massachusetts",80465,29.4
Massachusetts,"Congressional District 6 (119th Congress), Massachusetts",71539,29.1
Massachusetts,"Congressional District 7 (119th Congress), Massachusetts",62473,25.3
Massachusetts,"Congressional District 8 (119th Congress), Massachusetts",77343,29.3
Massachusetts,"Congressional District 9 (119th Congress), Massachusetts",65091,25.2
Michigan,"Congressional District 1 (119th Congress), Michigan",44428,18.2
Michigan,"Congressional District 2 (119th Congress), Michigan",46370,15
Michigan,"Congressional District 3 (119th Congress), Michigan",50828,25.5
Michigan,"Congressional District 4 (119th Congress), Michigan",51007,22.3
Michigan,"Congressional District 5 (119th Congress), Michigan",48020,15.6
Michigan,"Congressional District 6 (119th Congress), Michigan",65910,27
Michigan,"Congressional District 7 (119th Congress), Michigan",55053,23.6
Michigan,"Congressional District 8 (119th Congress), Michigan",45878,16.7
Michigan,"Congressional District 9 (119th Congress), Michigan",55227,19.2
Michigan,"Congressional District 10 (119th Congress), Michigan",51799,19.4
Michigan,"Congressional District 11 (119th Congress), Michigan",62074,29.5
Michigan,"Congressional District 12 (119th Congress), Michigan",45489,17.4
Michigan,"Congressional District 13 (119th Congress), Michigan",42130,13.4
Minnesota,"Congressional District 1 (119th Congress), Minnesota",53712,21.2
Minnesota,"Congressional District 2 (119th Congress), Minnesota",65330,29.6
Minnesota,"Congressional District 3 (119th Congress), Minnesota",70001,33.8
Minnesota,"Congressional District 4 (119th Congress), Minnesota",55362,28.2
Minnesota,"Congressional District 5 (119th Congress), Minnesota",61254,32.2
Minnesota,"Congressional District 6 (119th Congress), Minnesota",63334,25.7
Minnesota,"Congressional District 7 (119th Congress), Minnesota",50590,18.6
Minnesota,"Congressional District 8 (119th Congress), Minnesota",51688,19.3
Mississippi,"Congressional District 1 (119th Congress), Mississippi",46162,16.7
Mississippi,"Congressional District 2 (119th Congress), Mississippi",38387,13.3
Mississippi,"Congressional District 3 (119th Congress), Mississippi",47639,18.2
Mississippi,"Congressional District 4 (119th Congress), Mississippi",45722,16.9
Missouri,"Congressional District 1 (119th Congress), Missouri",47834,22.1
Missouri,"Congressional District 2 (119th Congress), Missouri",63489,29.3
Missouri,"Congressional District 3 (119th Congress), Missouri",55359,22.2
Missouri,"Congressional District 4 (119th Congress), Missouri",46516,16.1
Missouri,"Congressional District 5 (119th Congress), Missouri",50523,22.2
Missouri,"Congressional District 6 (119th Congress), Missouri",50457,18
Missouri,"Congressional District 7 (119th Congress), Missouri",42971,17.8
Missouri,"Congressional District 8 (119th Congress), Missouri",42157,13.1
Montana,"Congressional District 1 (119th Congress), Montana",49960,26.5
Montana,"Congressional District 2 (119th Congress), Montana",47013,22
Nebraska,"Congressional District 1 (119th Congress), Nebraska",52137,23.1
Nebraska,"Congressional District 2 (119th Congress), Nebraska",55406,26.6
Nebraska,"Congressional District 3 (119th Congress), Nebraska",46887,17.2
Nevada,"Congressional District 1 (119th Congress), Nevada",44278,16.8
Nevada,"Congressional District 2 (119th Congress), Nevada",52401,19.4
Nevada,"Congressional District 3 (119th Congress), Nevada",51865,22.9
Nevada,"Congressional District 4 (119th Congress), Nevada",44583,14.2
NewHampshire,"Congressional District 1 (119th Congress), New Hampshire",61010,26.9
NewHampshire,"Congressional District 2 (119th Congress), New Hampshire",59973,22.9
NewJersey,"Congressional District 1 (119th Congress), New Jersey",60832,23.9
NewJersey,"Congressional District 2 (119th Congress), New Jersey",51012,20.2
NewJersey,"Congressional District 3 (119th Congress), New Jersey",66112,27.7
NewJersey,"Congressional District 4 (119th Congress), New Jersey",66057,26.5
NewJersey,"Congressional District 5 (119th Congress), New Jersey",75139,33.6
NewJersey,"Congressional District 6 (119th Congress), New Jersey",61029,26.4
NewJersey,"Congressional District 7 (119th Congress), New Jersey",75802,31.9
NewJersey,"Congressional District 8 (119th Congress), New Jersey",59922,24.3
NewJersey,"Congressional District 9 (119th Congress), New Jersey",53951,21.7
NewJersey,"Congressional District 10 (119th Congress), New Jersey",50786,21.2
NewJersey,"Congressional District 11 (119th Congress), New Jersey",80370,33.2
NewJersey,"Congressional District 12 (119th Congress), New Jersey",66001,25.5
NewMexico,"Congressional District 1 (119th Congress), New Mexico",51374,22.6
NewMexico,"Congressional District 2 (119th Congress), New Mexico",41244,14
NewMexico,"Congressional District 3 (119th Congress), New Mexico",45568,16.4
NewYork,"Congressional District 1 (119th Congress), New York",71512,24
NewYork,"Congressional District 2 (119th Congress), New York",60456,19.9
NewYork,"Congressional District 3 (119th Congress), New York",74574,28.6
NewYork,"Congressional District 4 (119th Congress), New York",68969,25.9
NewYork,"Congressional District 5 (119th Congress), New York",49472,18.2
NewYork,"Congressional District 6 (119th Congress), New York",50519,24
NewYork,"Congressional District 7 (119th Congress), New York",65541,29.4
NewYork,"Congressional District 8 (119th Congress), New York",51392,22
NewYork,"Congressional District 9 (119th Congress), New York",51375,24.4
NewYork,"Congressional District 10 (119th Congress), New York",86691,33.8
NewYork,"Congressional District 11 (119th Congress), New York",56551,22.3
NewYork,"Congressional District 12 (119th Congress), New York",112258,38.8
NewYork,"Congressional District 13 (119th Congress), New York",45553,19.2
NewYork,"Congressional District 14 (119th Congress), New York",47027,19.4
NewYork,"Congressional District 15 (119th Congress), New York",40994,13.1
NewYork,"Congressional District 16 (119th Congress), New York",66828,25.5
NewYork,"Congressional District 17 (119th Congress), New York",70579,26.1
NewYork,"Congressional District 18 (119th Congress), New York",59739,21.6
NewYork,"Congressional District 19 (119th Congress), New York",51571,18
NewYork,"Congressional District 20 (119th Congress), New York",62646,23.5
NewYork,"Congressional District 21 (119th Congress), New York",49908,15.5
NewYork,"Congressional District 22 (119th Congress), New York",53147,20.2
NewYork,"Congressional District 23 (119th Congress), New York",52369,18.2
NewYork,"Congressional District 24 (119th Congress), New York",49417,14.9
NewYork,"Congressional District 25 (119th Congress), New York",55904,24.1
NewYork,"Congressional District 26 (119th Congress), New York",51294,20.4
NorthCarolina,"Congressional District 1 (119th Congress), North Carolina",41335,14.6
NorthCarolina,"Congressional District 2 (119th Congress), North Carolina",62253,33.1
NorthCarolina,"Congressional District 3 (119th Congress), North Carolina",47479,18.2
NorthCarolina,"Congressional District 4 (119th Congress), North Carolina",67340,31.1
NorthCarolina,"Congressional District 5 (119th Congress), North Carolina",43416,17.3
NorthCarolina,"Congressional District 6 (119th Congress), North Carolina",50131,19.9
NorthCarolina,"Congressional District 7 (119th Congress), North Carolina",49047,22.4
NorthCarolina,"Congressional District 8 (119th Congress), North Carolina",52944,23.1
NorthCarolina,"Congressional District 9 (119th Congress), North Carolina",46019,18.3
NorthCarolina,"Congressional District 10 (119th Congress), North Carolina",50799,22.2
NorthCarolina,"Congressional District 11 (119th Congress), North Carolina",42331,21.4
NorthCarolina,"Congressional District 12 (119th Congress), North Carolina",55438,29.7
NorthCarolina,"Congressional District 13 (119th Congress), North Carolina",52936,21.3
NorthCarolina,"Congressional District 14 (119th Congress), North Carolina",51214,23.2
NorthDakota,"Congressional District (at Large) (119th Congress), North Dakota",53510,23.5
Ohio,"Congressional District 1 (119th Congress), Ohio",60788,27.4
Ohio,"Congressional District 2 (119th Congress), Ohio",48922,13.3
Ohio,"Congressional District 3 (119th Congress), Ohio",52461,27.9
Ohio,"Congressional District 4 (119th Congress), Ohio",54056,19.7
Ohio,"Congressional District 5 (119th Congress), Ohio",50320,15.7
Ohio,"Congressional District 6 (119th Congress), Ohio",44162,14.4
Ohio,"Congressional District 7 (119th Congress), Ohio",57427,23.6
Ohio,"Congressional District 8 (119th Congress), Ohio",51489,19.8
Ohio,"Congressional District 9 (119th Congress), Ohio",50393,18.4
Ohio,"Congressional District 10 (119th Congress), Ohio",50125,19
Ohio,"Congressional District 11 (119th Congress), Ohio",46300,19.6
Ohio,"Congressional District 12 (119th Congress), Ohio",52102,17.1
Ohio,"Congressional District 13 (119th Congress), Ohio",50143,21.4
Ohio,"Congressional District 14 (119th Congress), Ohio",51697,18.5
Ohio,"Congressional District 15 (119th Congress), Ohio",52835,22.5
Oklahoma,"Congressional District 1 (119th Congress), Oklahoma",49261,23.2
Oklahoma,"Congressional District 2 (119th Congress), Oklahoma",41574,14.2
Oklahoma,"Congressional District 3 (119th Congress), Oklahoma",43368,14.9
Oklahoma,"Congressional District 4 (119th Congress), Oklahoma",46643,17.3
Oklahoma,"Congressional District 5 (119th Congress), Oklahoma",52220,24.1
Oregon,"Congressional District 1 (119th Congress), Oregon",62370,28.5
Oregon,"Congressional District 2 (119th Congress), Oregon",45740,16.9
Oregon,"Congressional District 3 (119th Congress), Oregon",57126,25.5
Oregon,"Congressional District 4 (119th Congress), Oregon",46423,18.7
Oregon,"Congressional District 5 (119th Congress), Oregon",56405,25.3
Oregon,"Congressional District 6 (119th Congress), Oregon",54070,22.3
Pennsylvania,"Congressional District 1 (119th Congress), Pennsylvania",66078,26.7
Pennsylvania,"Congressional District 2 (119th Congress), Pennsylvania",47035,16.3
Pennsylvania,"Congressional District 3 (119th Congress), Pennsylvania",55184,23.7
Pennsylvania,"Congressional District 4 (119th Congress), Pennsylvania",69569,29.1
Pennsylvania,"Congressional District 5 (119th Congress), Pennsylvania",56993,23.8
Pennsylvania,"Congressional District 6 (119th Congress), Pennsylvania",66014,27.8
Pennsylvania,"Congressional District 7 (119th Congress), Pennsylvania",51288,20.3
Pennsylvania,"Congressional District 8 (119th Congress), Pennsylvania",48702,16.3
Pennsylvania,"Congressional District 9 (119th Congress), Pennsylvania",49316,14.5
Pennsylvania,"Congressional District 10 (119th Congress), Pennsylvania",52864,21.4
Pennsylvania,"Congressional District 11 (119th Congress), Pennsylvania",55001,20.7
Pennsylvania,"Congressional District 12 (119th Congress), Pennsylvania",56581,25.5
Pennsylvania,"Congressional District 13 (119th Congress), Pennsylvania",47807,14.6
Pennsylvania,"Congressional District 14 (119th Congress), Pennsylvania",50225,17.7
Pennsylvania,"Congressional District 15 (119th Congress), Pennsylvania",45463,15.5
Pennsylvania,"Congressional District 16 (119th Congress), Pennsylvania",50323,19.4
Pennsylvania,"Congressional District 17 (119th Congress), Pennsylvania",60978,28.2
RhodeIsland,"Congressional District 1 (119th Congress), Rhode Island",55598,21.6
RhodeIsland,"Congressional District 2 (119th Congress), Rhode Island",60194,23.4
SouthCarolina,"Congressional District 1 (119th Congress), South Carolina",57488,27.6
SouthCarolina,"Congressional District 2 (119th Congress), South Carolina",50993,22.4
SouthCarolina,"Congressional District 3 (119th Congress), South Carolina",46895,17.1
SouthCarolina,"Congressional District 4 (119th Congress), South Carolina",51057,23.1
SouthCarolina,"Congressional District 5 (119th Congress), South Carolina",50924,19.5
SouthCarolina,"Congressional District 6 (119th Congress), South Carolina",43440,17.3
SouthCarolina,"Congressional District 7 (119th Congress), South Carolina",41935,14.9
SouthDakota,"Congressional District (at Large) (119th Congress), South Dakota",50954,23
Tennessee,"Congressional District 1 (119th Congress), Tennessee",41402,15.1
Tennessee,"Congressional District 2 (119th Congress), Tennessee",50786,21.1
Tennessee,"Congressional District 3 (119th Congress), Tennessee",49314,18.3
Tennessee,"Congressional District 4 (119th Congress), Tennessee",48979,16.6
Tennessee,"Congressional District 5 (119th Congress), Tennessee",60058,30.5
Tennessee,"Congressional District 6 (119th Congress), Tennessee",50544,19.3
Tennessee,"Congressional District 7 (119th Congress), Tennessee",52105,22.9
Tennessee,"Congressional District 8 (119th Congress), Tennessee",49946,19.4
Tennessee,"Congressional District 9 (119th Congress), Tennessee",43573,16.3
Texas,"Congressional District 1 (119th Congress), Texas",44478,16.3
Texas,"Congressional District 2 (119th Congress), Texas",60626,25.1
Texas,"Congressional District 3 (119th Congress), Texas",70867,31.1
Texas,"Congressional District 4 (119th Congress), Texas",62262,27.9
Texas,"Congressional District 5 (119th Congress), Texas",46255,15.8
Texas,"Congressional District 6 (119th Congress), Texas",50180,19.3
Texas,"Congressional District 7 (119th Congress), Texas",53635,27.4
Texas,"Congressional District 8 (119th Congress), Texas",55363,23.5
Texas,"Congressional District 9 (119th Congress), Texas",44405,18.7
Texas,"Congressional District 10 (119th Congress), Texas",57319,27.3
Texas,"Congressional District 11 (119th Congress), Texas",48654,16.3
Texas,"Congressional District 12 (119th Congress), Texas",55503,22
Texas,"Congressional District 13 (119th Congress), Texas",48461,18.9
Texas,"Congressional District 14 (119th Congress), Texas",53358,17.8
Texas,"Congressional District 15 (119th Congress), Texas",40203,16.3
Texas,"Congressional District 16 (119th Congress), Texas",40175,18.5
Texas,"Congressional District 17 (119th Congress), Texas",48606,18.8
Texas,"Congressional District 18 (119th Congress), Texas",42544,19
Texas,"Congressional District 19 (119th Congress), Texas",45929,15.9
Texas,"Congressional District 20 (119th Congress), Texas",42093,16.6
Texas,"Congressional District 21 (119th Congress), Texas",60277,29.2
Texas,"Congressional District 22 (119th Congress), Texas",65622,30.4
Texas,"Congressional District 23 (119th Congress), Texas",52024,18
Texas,"Congressional District 24 (119th Congress), Texas",71000,34
Texas,"Congressional District 25 (119th Congress), Texas",51153,21.4
Texas,"Congressional District 26 (119th Congress), Texas",71062,33.4
Texas,"Congressional District 27 (119th Congress), Texas",45936,15.9
Texas,"Congressional District 28 (119th Congress), Texas",41382,14.4
Texas,"Congressional District 29 (119th Congress), Texas",37395,9.9
Texas,"Congressional District 30 (119th Congress), Texas",51317,21.1
Texas,"Congressional District 31 (119th Congress), Texas",60243,24.1
Texas,"Congressional District 32 (119th Congress), Texas",51968,26.3
Texas,"Congressional District 33 (119th Congress), Texas",41074,15.6
Texas,"Congressional District 34 (119th Congress), Texas",35493,14.5
Texas,"Congressional District 35 (119th Congress), Texas",48751,21.8
Texas,"Congressional District 36 (119th Congress), Texas",50182,15.8
Texas,"Congressional District 37 (119th Congress), Texas",70397,36.9
Texas,"Congressional District 38 (119th Congress), Texas",62155,32.5
Utah,"Congressional District 1 (119th Congress), Utah",55114,24.6
Utah,"Congressional District 2 (119th Congress), Utah",51561,22.8
Utah,"Congressional District 3 (119th Congress), Utah",54104,29.8
Utah,"Congressional District 4 (119th Congress), Utah",58229,25.1
Vermont,"Congressional District (at Large) (119th Congress), Vermont",54378,25.9
Virginia,"Congressional District 1 (119th Congress), Virginia",62354,28.3
Virginia,"Congressional District 2 (119th Congress), Virginia",56554,24.2
Virginia,"Congressional District 3 (119th Congress), Virginia",49699,18.9
Virginia,"Congressional District 4 (119th Congress), Virginia",50542,21
Virginia,"Congressional District 5 (119th Congress), Virginia",50132,19.6
Virginia,"Congressional District 6 (119th Congress), Virginia",50222,17.9
Virginia,"Congressional District 7 (119th Congress), Virginia",61596,23.7
Virginia,"Congressional District 8 (119th Congress), Virginia",89816,30.1
Virginia,"Congressional District 9 (119th Congress), Virginia",45876,14.4
Virginia,"Congressional District 10 (119th Congress), Virginia",82700,32.3
Virginia,"Congressional District 11 (119th Congress), Virginia",90856,35
Washington,"Congressional District 1 (119th Congress), Washington",84650,30.5
Washington,"Congressional District 2 (119th Congress), Washington",60065,24.4
Washington,"Congressional District 3 (119th Congress), Washington",59438,18.9
Washington,"Congressional District 4 (119th Congress), Washington",50013,15.6
Washington,"Congressional District 5 (119th Congress), Washington",53490,20.7
Washington,"Congressional District 6 (119th Congress), Washington",61984,22.2
Washington,"Congressional District 7 (119th Congress), Washington",85243,37.1
Washington,"Congressional District 8 (119th Congress), Washington",76304,26.5
Washington,"Congressional District 9 (119th Congress), Washington",61614,25.5
Washington,"Congressional District 10 (119th Congress), Washington",60884,20.3
WestVirginia,"Congressional District 1 (119th Congress), West Virginia",43703,13.8
WestVirginia,"Congressional District 2 (119th Congress), West Virginia",46903,15.8
Wisconsin,"Congressional District 1 (119th Congress), Wisconsin",53357,20.6
Wisconsin,"Congressional District 2 (119th Congress), Wisconsin",60996,30.6
Wisconsin,"Congressional District 3 (119th Congress), Wisconsin",51232,19.9
Wisconsin,"Congressional District 4 (119th Congress), Wisconsin",50247,22.8
Wisconsin,"Congressional District 5 (119th Congress), Wisconsin",60886,27.9
Wisconsin,"Congressional District 6 (119th Congress), Wisconsin",52100,20
Wisconsin,"Congressional District 7 (119th Congress), Wisconsin",50271,18.3
Wisconsin,"Congressional District 8 (119th Congress), Wisconsin",52088,20.7
Wyoming,"Congressional District (at Large) (119th Congress), Wyoming",50162,20.3
PuertoRico,"Resident Commissioner District (at Large) (119th Congress), Puerto Rico",23943,20.9
